"Time_Iter","Outer_Iter","Inner_Iter",    "rms[Rho]"    ,    "rms[RhoU]"   ,    "rms[RhoV]"   ,    "rms[RhoW]"   ,    "rms[RhoE]"   ,     "rms[nu]"    
          0,           0,           0,      -4.875196878,       -9.67238369,      -16.04698339,       -10.9443717,      -4.268030877,      -10.91816018
          0,           0,           1,      -5.221129488,      -5.090345436,      -5.726030448,       -4.85821226,      -4.588588585,      -11.64385982
          0,           0,           2,      -5.213560412,      -4.982657332,      -5.273276332,      -5.088131375,      -4.578152009,      -11.64778563
          0,           0,           3,      -5.141617806,      -4.956008177,      -5.015129835,      -4.907136399,       -4.52394455,      -11.50939813
          0,           0,           4,      -5.026386324,      -4.932604964,      -4.897911813,      -4.791150554,       -4.41882155,      -11.43285672
          0,           0,           5,      -4.949468004,      -4.909662973,      -4.849184399,      -4.760072835,      -4.346566631,      -11.41481219
          0,           0,           6,      -4.918379995,      -4.899752706,      -4.851596167,       -4.78132231,      -4.315074864,       -11.3919663
          0,           0,           7,      -4.897294848,      -4.917840619,      -4.874861332,      -4.816118528,      -4.295127306,      -11.35721093
          0,           0,           8,      -4.870285196,      -4.961565622,      -4.898779276,       -4.84391926,      -4.272922062,      -11.34025336
          0,           0,           9,      -4.854706499,      -5.007096096,      -4.932150739,      -4.879851661,      -4.259199058,      -11.34600713
          0,           0,          10,      -4.851137606,      -5.008994257,      -4.972008876,      -4.925879335,      -4.252366428,      -11.36886569
          0,           0,          11,      -4.859195487,      -4.971296679,      -5.015854718,      -4.970112896,      -4.253831563,      -11.40066633
          0,           0,          12,      -4.882254874,      -4.952290181,      -5.070830764,      -5.012548035,      -4.272168091,      -11.43474301
          0,           0,          13,      -4.918946314,      -4.973748363,      -5.138842578,      -5.066906481,      -4.308974048,      -11.46948703
          0,           0,          14,      -4.961263316,       -5.02407273,      -5.209386075,      -5.135826981,      -4.354767454,      -11.50535718
          0,           0,          15,      -5.002420499,      -5.079854352,      -5.268887408,      -5.203441554,      -4.398337306,      -11.54366612
          0,           0,          16,      -5.041923087,       -5.12601984,      -5.316273015,      -5.254340431,      -4.436737459,      -11.58467234
          0,           0,          17,      -5.082495256,      -5.167402068,      -5.362455281,      -5.293910587,      -4.474470348,      -11.62774236
          0,           0,          18,       -5.12613427,      -5.216162927,       -5.41647399,       -5.33744781,      -4.516271524,      -11.66905641
          0,           0,          19,      -5.173393355,       -5.27722114,      -5.478970612,      -5.392638651,      -4.563574707,      -11.70210036
          0,           0,          20,      -5.223799498,      -5.345593519,      -5.544261742,      -5.457733178,      -4.614926765,      -11.71914611
          0,           0,          21,      -5.276024825,      -5.410837434,      -5.605860134,      -5.525624875,      -4.667603203,      -11.71436759
          0,           0,          22,      -5.328539845,      -5.466126513,      -5.661948423,      -5.588759112,      -4.719484878,      -11.68653519
          0,           0,          23,      -5.380299388,      -5.514359117,      -5.715590461,      -5.643513054,      -4.770006581,      -11.64053167
          0,           0,          24,      -5.430863038,       -5.56351178,      -5.770138988,      -5.691328636,      -4.819624166,      -11.58379206
          0,           0,          25,      -5.480077136,      -5.618912362,      -5.826109522,      -5.735850726,      -4.868702346,      -11.52289827
          0,           0,          26,       -5.52788361,      -5.680452555,      -5.881593568,      -5.779382682,      -4.917070176,       -11.4630291
          0,           0,          27,      -5.574295352,      -5.743761077,       -5.93445155,      -5.822021989,      -4.964258292,      -11.40725901
          0,           0,          28,      -5.619434612,      -5.803139838,      -5.984125821,      -5.862881234,      -5.009941323,      -11.35760807
          0,           0,          29,      -5.663498632,      -5.854892778,      -6.031460089,      -5.901530178,      -5.054127772,       -11.3143112
          0,           0,          30,      -5.706663982,       -5.89884706,      -6.077312757,      -5.938642221,      -5.097042334,      -11.27793914
          0,           0,          31,      -5.749067326,      -5.937254327,      -6.121441498,      -5.975491705,      -5.138968466,      -11.24880096
          0,           0,          32,      -5.790957695,      -5.972827734,      -6.162818399,      -6.013178153,      -5.180281546,      -11.22710157
          0,           0,          33,      -5.832708687,       -6.00750566,      -6.200675585,      -6.051662378,      -5.221411496,      -11.21363592
          0,           0,          34,      -5.874822183,      -6.042559649,      -6.235474539,      -6.090040185,      -5.262881087,      -11.20855349
          0,           0,          35,      -5.917717659,       -6.07879191,      -6.268835201,      -6.127005167,      -5.305153058,      -11.21085782
          0,           0,          36,      -5.961444634,      -6.116698055,      -6.302882274,      -6.161717967,      -5.348379725,      -11.21857227
          0,           0,          37,      -6.005563904,      -6.156555078,      -6.339560015,      -6.194558495,      -5.392264273,      -11.23043357
          0,           0,          38,       -6.04929125,      -6.198498838,      -6.380162136,      -6.226924707,      -5.436128863,      -11.24591794
          0,           0,          39,      -6.091891758,      -6.242571578,      -6.424983281,      -6.260480592,      -5.479229058,      -11.26512582
          0,           0,          40,       -6.13311997,      -6.288805582,      -6.473236603,      -6.296420659,      -5.521173617,      -11.28856412
          0,           0,          41,      -6.173286623,      -6.337140845,      -6.522931015,      -6.334948535,      -5.562059725,      -11.31560491
          0,           0,          42,      -6.213077003,      -6.387262913,      -6.571044736,      -6.375205661,      -5.602385861,      -11.34480447
          0,           0,          43,      -6.253180015,      -6.438415286,      -6.614197094,      -6.415495696,      -5.642740466,      -11.37454179
          0,           0,          44,       -6.29397843,      -6.489283651,      -6.649938478,      -6.453902934,      -5.683494408,      -11.40383127
          0,           0,          45,      -6.335443485,      -6.538182093,      -6.677898916,      -6.489021769,      -5.724659621,      -11.43127709
          0,           0,          46,      -6.377213871,      -6.583377183,       -6.69993614,       -6.52042275,       -5.76594653,      -11.45556599
          0,           0,          47,      -6.418798506,      -6.623568588,      -6.718967215,      -6.548838105,      -5.806961689,      -11.47627643
          0,           0,          48,      -6.459806598,      -6.658262099,      -6.737829989,      -6.575653312,      -5.847437097,      -11.49321834
          0,           0,          49,      -6.499960782,      -6.687743512,      -6.758660126,      -6.602382743,      -5.887234045,      -11.50631717
          0,           0,          50,      -6.539102465,      -6.712789516,      -6.782869537,      -6.630291683,       -5.92631061,      -11.51562593
          0,           0,          51,      -6.577155856,      -6.734356066,      -6.811310955,      -6.660215158,      -5.964643048,      -11.52166823
          0,           0,          52,      -6.614123161,      -6.753376014,      -6.844431119,      -6.692525974,       -6.00219696,      -11.52490233
          0,           0,          53,      -6.650079176,      -6.770656104,      -6.882367426,      -6.727208302,      -6.038933361,      -11.52593941
          0,           0,          54,      -6.685232048,      -6.786832505,      -6.924921705,      -6.763882309,      -6.074914848,      -11.52532895
          0,           0,          55,      -6.719855566,      -6.802288446,      -6.971402877,      -6.801870225,      -6.110299817,      -11.52356202
          0,           0,          56,      -6.754203238,       -6.81710883,      -7.020421198,      -6.840165948,      -6.145297384,      -11.52112209
          0,           0,          57,      -6.788417529,      -6.831041362,      -7.069653087,      -6.877479777,      -6.180079411,      -11.51841506
          0,           0,          58,      -6.822498561,      -6.843589137,      -7.115719479,      -6.912355943,      -6.214721686,      -11.51568964
          0,           0,          59,      -6.856295695,      -6.854092454,      -7.154725599,      -6.943502639,      -6.249156377,      -11.51302218
          0,           0,          60,       -6.88953558,      -6.861920424,      -7.183442202,      -6.970132581,      -6.283174885,       -11.5104739
          0,           0,          61,      -6.921834241,      -6.866656897,      -7.200698314,      -6.992100544,      -6.316424113,      -11.50807718
          0,           0,          62,       -6.95283301,      -6.868181169,      -7.208114302,      -7.009907345,      -6.348546144,      -11.50587781
          0,           0,          63,      -6.982247585,      -6.866684313,      -7.209208228,      -7.024591802,      -6.379233533,      -11.50389029
          0,           0,          64,      -7.009847045,      -6.862634671,      -7.207822586,      -7.037447783,      -6.408215782,       -11.5020602
          0,           0,          65,      -7.035463679,      -6.856611594,      -7.207051597,      -7.049729858,      -6.435274866,      -11.50033733
          0,           0,          66,      -7.058947764,       -6.84919984,      -7.208979991,      -7.062490054,      -6.460195804,      -11.49869346
          0,           0,          67,      -7.080189333,      -6.840929352,      -7.214898225,      -7.076514729,      -6.482792071,      -11.49711451
          0,           0,          68,      -7.099157611,      -6.832281495,      -7.225504343,      -7.092334367,      -6.502957678,      -11.49560682
          0,           0,          69,      -7.115945444,      -6.823701877,      -7.241097073,      -7.110235741,      -6.520731639,      -11.49422167
          0,           0,          70,      -7.130784677,      -6.815587146,       -7.26171132,      -7.130280728,      -6.536328825,      -11.49293904
          0,           0,          71,      -7.143978727,      -6.808261051,      -7.287199813,      -7.152360527,      -6.550071183,      -11.49181166
          0,           0,          72,      -7.155875073,      -6.801948026,      -7.317269758,      -7.176226591,      -6.562347169,      -11.49094285
          0,           0,          73,      -7.166813809,      -6.796771068,      -7.351508111,      -7.201505811,      -6.573543922,        -11.490421
          0,           0,          74,      -7.177076907,      -6.792774859,      -7.389385178,      -7.227752791,      -6.583981865,      -11.49028411
          0,           0,          75,      -7.186871763,      -6.789930607,      -7.430220739,      -7.254485402,      -6.593894584,      -11.49055633
          0,           0,          76,      -7.196361749,      -6.788206087,      -7.473201504,      -7.281255455,       -6.60346286,      -11.49126596
          0,           0,          77,      -7.205670047,      -6.787566814,       -7.51739678,      -7.307683626,      -6.612821335,      -11.49247128
          0,           0,          78,      -7.214906315,       -6.78799476,      -7.561796617,      -7.333516393,      -6.622088312,      -11.49423735
          0,           0,          79,      -7.224183723,      -6.789501491,       -7.60535754,      -7.358630164,      -6.631385519,      -11.49664533
          0,           0,          80,      -7.233605878,      -6.792081288,      -7.647026004,      -7.382982401,      -6.640820813,      -11.49967915
          0,           0,          81,      -7.243264845,      -6.795739716,      -7.685745934,      -7.406548642,       -6.65049104,      -11.50322416
          0,           0,          82,      -7.253211026,      -6.800422182,      -7.720391544,      -7.429178734,      -6.660445806,      -11.50715271
          0,           0,          83,      -7.263469575,      -6.806085684,      -7.749759134,        -7.4506198,      -6.670710938,      -11.51146807
          0,           0,          84,      -7.274036651,      -6.812625863,      -7.772551323,      -7.470424255,      -6.681278632,      -11.51629119
          0,           0,          85,      -7.284888016,      -6.819959088,      -7.787613416,        -7.4880694,      -6.692123554,      -11.52172193
          0,           0,          86,      -7.295998904,      -6.827983822,      -7.794246137,      -7.502981938,      -6.703220832,      -11.52769843
          0,           0,          87,      -7.307258991,      -6.836507623,      -7.792450588,      -7.514679391,      -6.714447471,      -11.53413793
          0,           0,          88,      -7.318684476,      -6.845605051,      -7.783411791,      -7.523072224,      -6.725843965,      -11.54088539
          0,           0,          89,      -7.330102568,      -6.854900429,      -7.768379218,      -7.527938934,      -6.737201716,      -11.54788669
          0,           0,          90,      -7.341635329,      -6.864789065,      -7.749809889,       -7.53017735,      -6.748701672,      -11.55503814
          0,           0,          91,      -7.353245878,      -6.874956413,      -7.729038542,      -7.529758019,      -6.760284255,      -11.56235639
          0,           0,          92,      -7.364785388,      -6.885235271,      -7.707174365,      -7.527393999,      -6.771773447,      -11.56986806
          0,           0,          93,      -7.376376704,       -6.89602074,        -7.6858907,      -7.523996702,      -6.783353376,      -11.57742975
          0,           0,          94,      -7.387710667,      -6.906566047,      -7.664676479,      -7.519156212,      -6.794626495,      -11.58518393
          0,           0,          95,      -7.398966428,      -6.917449296,      -7.644749512,      -7.514072271,       -6.80584368,      -11.59300419
          0,           0,          96,      -7.410044333,      -6.928359672,      -7.625857011,      -7.508433266,      -6.816887102,      -11.60092578
          0,           0,          97,      -7.420944302,      -6.939190426,      -7.607825126,      -7.502341645,      -6.827733642,      -11.60899539
          0,           0,          98,      -7.431739162,      -6.950228894,      -7.591094255,      -7.496230055,      -6.838505142,       -11.6171646
          0,           0,          99,      -7.442311992,      -6.961157407,      -7.575163566,      -7.489747544,      -6.849047786,      -11.62549569
          0,           0,         100,       -7.45278993,      -6.972214493,      -7.560259828,      -7.483268262,      -6.859517948,      -11.63395597
          0,           0,         101,       -7.46322546,      -6.983430357,      -7.546375398,      -7.476765691,      -6.869983137,      -11.64251753
          0,           0,         102,      -7.473531925,      -6.994552413,      -7.533106934,      -7.469916503,      -6.880310341,      -11.65122243
          0,           0,         103,      -7.483702699,      -7.005723766,      -7.520642039,      -7.463006793,      -6.890505015,      -11.66002454
          0,           0,         104,      -7.493762509,      -7.016991682,       -7.50903499,      -7.456183958,      -6.900608905,      -11.66890315
          0,           0,         105,      -7.503802735,      -7.028348429,       -7.49820667,      -7.449408655,      -6.910712974,      -11.67789803
          0,           0,         106,      -7.513848485,      -7.039773587,      -7.488118839,      -7.442678808,       -6.92083218,      -11.68700774
          0,           0,         107,      -7.523783859,      -7.051135743,      -7.478630661,      -7.435954293,      -6.930821041,      -11.69623232
          0,           0,         108,      -7.533622516,      -7.062580622,      -7.469947261,      -7.429549391,      -6.940718163,      -11.70552728
          0,           0,         109,      -7.543486867,       -7.07418535,      -7.462150131,      -7.423587326,      -6.950670744,      -11.71489499
          0,           0,         110,      -7.553359062,      -7.085796831,      -7.455031039,      -7.417888198,       -6.96063346,      -11.72438844
          0,           0,         111,      -7.563184577,      -7.097393675,      -7.448584949,      -7.412515637,      -6.970535224,      -11.73398446
          0,           0,         112,      -7.572916123,      -7.109008767,      -7.442878336,      -7.407618799,      -6.980337202,      -11.74363642
          0,           0,         113,      -7.582631188,      -7.120725556,      -7.438001733,      -7.403343034,      -6.990142419,      -11.75333621
          0,           0,         114,      -7.592365074,       -7.13245796,      -7.433824543,      -7.399562588,       -6.99997725,      -11.76311888
          0,           0,         115,      -7.602042677,      -7.144120143,      -7.430236825,      -7.396210344,      -7.009743238,      -11.77297244
          0,           0,         116,      -7.611585095,      -7.155701429,      -7.427248634,      -7.393340393,      -7.019357602,       -11.7828572
          0,           0,         117,      -7.621070703,      -7.167339915,      -7.425000784,      -7.391135913,       -7.02893085,      -11.79273999
          0,           0,         118,      -7.630555639,      -7.178981147,      -7.423410143,      -7.389507116,      -7.038524089,      -11.80265631
          0,           0,         119,      -7.639996463,      -7.190514178,      -7.422314828,      -7.388295913,        -7.0480674,      -11.81261958
          0,           0,         120,      -7.649316784,      -7.201941009,      -7.421702187,      -7.387519293,      -7.057476721,      -11.82258026
          0,           0,         121,      -7.658530786,      -7.213336306,      -7.421643651,      -7.387276949,         -7.066785,       -11.8325119
          0,           0,         122,      -7.667753218,      -7.224768178,      -7.422165652,       -7.38759845,      -7.076129205,      -11.84243391
          0,           0,         123,      -7.676968455,      -7.236128978,      -7.423112224,       -7.38831703,      -7.085478622,       -11.8523838
          0,           0,         124,      -7.686101043,      -7.247354168,      -7.424378382,      -7.389330031,      -7.094731249,      -11.86234098
          0,           0,         125,      -7.695114167,      -7.258513014,      -7.426026071,       -7.39072195,      -7.103861063,      -11.87225976
          0,           0,         126,       -7.70410318,       -7.26970862,      -7.428137203,      -7.392584564,      -7.112990097,      -11.88214566
          0,           0,         127,      -7.713127466,      -7.280886325,      -7.430605561,      -7.394793994,       -7.12217706,        -11.892053
          0,           0,         128,        -7.7221286,      -7.291973874,      -7.433315523,      -7.397229881,      -7.131340042,      -11.90198261
          0,           0,         129,      -7.731028493,      -7.302947931,      -7.436234687,      -7.399861236,      -7.140387482,      -11.91189995
          0,           0,         130,      -7.739883357,      -7.313945703,      -7.439484961,      -7.402831945,      -7.149402809,       -11.9217783
          0,           0,         131,      -7.748783773,      -7.324982817,      -7.443055447,       -7.40612405,      -7.158493331,      -11.93166154
          0,           0,         132,      -7.757711208,      -7.335965213,      -7.446805591,      -7.409580693,      -7.167619946,      -11.94158832
          0,           0,         133,      -7.766584798,      -7.346862328,      -7.450683183,      -7.413151086,      -7.176682371,      -11.95152283
          0,           0,         134,      -7.775371758,      -7.357707799,      -7.454728717,      -7.416885754,      -7.185652803,      -11.96143382
          0,           0,         135,      -7.784193012,      -7.368638763,      -7.459052214,      -7.420908648,      -7.194682623,      -11.97132633
          0,           0,         136,      -7.793063503,      -7.379568839,      -7.463548548,      -7.425101243,      -7.203784422,      -11.98125993
          0,           0,         137,      -7.801923506,      -7.390423473,      -7.468108348,      -7.429343516,      -7.212869554,       -11.9912319
          0,           0,         138,       -7.81069964,      -7.401210038,      -7.472741888,      -7.433653613,      -7.221858506,      -12.00119275
          0,           0,         139,      -7.819436598,      -7.412017931,      -7.477542306,      -7.438141032,      -7.230816098,      -12.01112878
          0,           0,         140,      -7.828240104,      -7.422898257,      -7.482535757,       -7.44283167,      -7.239867437,      -12.02108099
          0,           0,         141,      -7.837066656,      -7.433742913,      -7.487597492,      -7.447589136,      -7.248951348,      -12.03108727
          0,           0,         142,      -7.845836299,       -7.44449803,       -7.49266295,      -7.452340931,       -7.25796152,      -12.04112464
          0,           0,         143,       -7.85453094,      -7.455232862,      -7.497813741,      -7.457182755,      -7.266890684,      -12.05112996
          0,           0,         144,      -7.863246578,      -7.466034022,      -7.503136646,      -7.462212251,      -7.275859969,      -12.06112524
          0,           0,         145,      -7.872023127,       -7.47685821,      -7.508569224,      -7.467357436,      -7.284910751,      -12.07116734
          0,           0,         146,      -7.880790404,      -7.487627109,      -7.514018971,      -7.472517922,      -7.293948997,      -12.08125145
          0,           0,         147,      -7.889466086,      -7.498303047,        -7.5194616,      -7.477666947,      -7.302876648,      -12.09133625
          0,           0,         148,      -7.898111767,       -7.50902264,      -7.525033955,      -7.482959432,      -7.311779203,      -12.10139135
          0,           0,         149,       -7.90681119,      -7.519802176,      -7.530754796,      -7.488414912,      -7.320759911,      -12.11146595
          0,           0,         150,      -7.915541882,      -7.530558447,      -7.536521244,      -7.493917762,      -7.329780511,      -12.12159994
          0,           0,         151,      -7.924222912,      -7.541245491,      -7.542285612,      -7.499414879,      -7.338738394,      -12.13175467
          0,           0,         152,      -7.932806733,      -7.551863478,      -7.548073827,      -7.504936083,      -7.347584942,      -12.14189576
          0,           0,         153,      -7.941412129,      -7.562564271,      -7.554026465,      -7.510636962,      -7.356468151,      -12.15202059
          0,           0,         154,      -7.950059816,      -7.573283596,       -7.56008413,      -7.516450841,      -7.365414751,      -12.16219417
          0,           0,         155,      -7.958709706,      -7.583945252,      -7.566147134,      -7.522266253,      -7.374360029,      -12.17242145
          0,           0,         156,      -7.967287461,      -7.594530157,      -7.572206895,      -7.528072948,      -7.383217849,      -12.18264924
          0,           0,         157,      -7.975813373,      -7.605099448,      -7.578339516,      -7.533956805,      -7.392021673,      -12.19285703
          0,           0,         158,      -7.984412599,      -7.615758362,      -7.584630502,      -7.540012045,      -7.400922846,      -12.20307421
          0,           0,         159,      -7.993053364,      -7.626403754,      -7.590975718,      -7.546126835,      -7.409882648,      -12.21335389
          0,           0,         160,      -8.001661978,      -7.636976673,      -7.597297443,      -7.552212074,      -7.418798268,       -12.2236671
          0,           0,         161,      -8.010187236,      -7.647492505,       -7.60362931,      -7.558306713,      -7.427618335,      -12.23396067
          0,           0,         162,      -8.018707949,       -7.65805023,      -7.610073167,      -7.564524185,      -7.436442962,      -12.24423389
          0,           0,         163,      -8.027307499,      -7.668675355,      -7.616636837,      -7.570871709,      -7.445370646,      -12.25453974
          0,           0,         164,       -8.03592407,      -7.679270764,      -7.623213488,      -7.577232924,       -7.45432155,      -12.26490154
          0,           0,         165,      -8.044478247,      -7.689787168,      -7.629751027,      -7.583545852,      -7.463192085,      -12.27527416
          0,           0,         166,       -8.05297139,      -7.700291938,      -7.636331241,      -7.589903044,      -7.471995663,      -12.28561597
          0,           0,         167,      -8.061505429,       -7.71087125,      -7.643039752,      -7.596398916,      -7.480857728,      -12.29595513
          0,           0,         168,      -8.070102794,      -7.721481899,      -7.649820666,      -7.602971052,      -7.489802441,      -12.30635268
          0,           0,         169,      -8.078685203,      -7.732045773,      -7.656586741,      -7.609522625,      -7.498728229,      -12.31678767
          0,           0,         170,      -8.087177127,      -7.742520374,      -7.663312361,      -7.616022762,      -7.507544955,      -12.32721714
          0,           0,         171,      -8.095645555,      -7.753026159,      -7.670119496,      -7.622608114,      -7.516341469,        -12.337614
          0,           0,         172,      -8.104177311,      -7.763595659,      -7.677039988,       -7.62931485,      -7.525225137,      -12.34802993
          0,           0,         173,      -8.112748386,      -7.774160011,      -7.683984553,      -7.636044813,      -7.534159988,      -12.35850536
          0,           0,         174,       -8.12127998,      -7.784667819,      -7.690894232,      -7.642731782,      -7.543045115,       -12.3690002
          0,           0,         175,      -8.129724366,      -7.795108915,      -7.697778618,      -7.649386439,      -7.551828946,      -12.37947539
          0,           0,         176,      -8.138195699,      -7.805632034,      -7.704774285,      -7.656160382,       -7.56065166,       -12.3899261
          0,           0,         177,      -8.146732127,      -7.816201952,      -7.711850662,      -7.663022347,      -7.569563447,       -12.4004212
          0,           0,         178,       -8.15527891,      -7.826748156,      -7.718912913,       -7.66986654,      -7.578486614,      -12.41096986
          0,           0,         179,      -8.163758891,      -7.837231967,      -7.725929917,      -7.676657409,      -7.587328273,      -12.42151451
          0,           0,         180,      -8.172168039,      -7.847681182,      -7.732950576,      -7.683449977,      -7.596091027,      -12.43203227
          0,           0,         181,      -8.180637115,      -7.858227116,      -7.740088378,      -7.690369535,      -7.604932069,      -12.44255022
          0,           0,         182,      -8.189150728,      -7.868784799,      -7.747264465,      -7.697332768,      -7.613837428,      -12.45312892
          0,           0,         183,      -8.197640798,      -7.879294504,      -7.754393978,      -7.704242426,      -7.622710758,      -12.46373811
          0,           0,         184,       -8.20604563,      -7.889737653,       -7.76147613,      -7.711097366,      -7.631483973,      -12.47432852
          0,           0,         185,       -8.21441457,      -7.900188343,      -7.768594818,      -7.717990703,      -7.640220977,      -12.48489111
          0,           0,         186,      -8.222856938,      -7.910726118,      -7.775813355,       -7.72499253,      -7.649053097,      -12.49546906
          0,           0,         187,      -8.231317059,       -7.92124952,       -7.78303099,      -7.731995459,       -7.65791473,      -12.50610761
          0,           0,         188,      -8.239721193,      -7.931707166,      -7.790179581,       -7.73891924,      -7.666704161,      -12.51676487
          0,           0,         189,      -8.248039082,      -7.942113243,      -7.797294298,      -7.745803811,      -7.675394533,      -12.52739222
          0,           0,         190,      -8.256361737,      -7.952565232,      -7.804474156,      -7.752758662,      -7.684096649,      -12.53800103
          0,           0,         191,      -8.264753844,      -7.963079419,       -7.81172398,       -7.75979061,      -7.692889355,      -12.54864858
          0,           0,         192,      -8.273138189,      -7.973561816,      -7.818943166,      -7.766791135,      -7.701676578,      -12.55935017
          0,           0,         193,      -8.281441049,      -7.983964861,      -7.826081561,      -7.773700166,      -7.710362019,      -12.57005373
          0,           0,         194,      -8.289678509,      -7.994346438,      -7.833213352,      -7.780601164,      -7.718974311,      -12.58072175
          0,           0,         195,      -8.297954693,      -8.004792515,      -7.840423552,       -7.78758852,       -7.72763923,      -12.59138688
          0,           0,         196,      -8.306281841,      -8.015268924,      -7.847667664,      -7.794615666,      -7.736372298,      -12.60210476
          0,           0,         197,      -8.314577237,      -8.025698955,      -7.854858297,      -7.801586483,      -7.745067585,      -12.61285989
          0,           0,         198,      -8.322775167,      -8.036043544,      -7.861965545,      -7.808464737,      -7.753644685,      -12.62360192
          0,           0,         199,      -8.330941064,        -8.0464061,      -7.869098751,      -7.815371968,      -7.762187755,      -12.63430829
          0,           0,         200,      -8.339162929,      -8.056832759,      -7.876305427,      -7.822362248,      -7.770804806,      -12.64503223
          0,           0,         201,      -8.347410734,      -8.067264018,      -7.883511268,      -7.829355738,      -7.779457475,      -12.65581456
          0,           0,         202,      -8.355603909,      -8.077639175,      -7.890648713,      -7.836276142,      -7.788042397,      -12.66661605
          0,           0,         203,      -8.363696511,      -8.087935185,      -7.897714033,      -7.843117587,      -7.796507796,      -12.67739605
          0,           0,         204,      -8.371796692,      -8.098286352,      -7.904837098,      -7.850023169,      -7.804984973,      -12.68814943
          0,           0,         205,       -8.37995315,      -8.108684376,      -7.912016676,      -7.856994802,      -7.813537994,      -12.69894164
          0,           0,         206,      -8.388109402,      -8.119065293,      -7.919166931,       -7.86393821,       -7.82209183,      -12.70978851
          0,           0,         207,       -8.39619195,      -8.129380976,      -7.926241691,      -7.870799969,      -7.830554821,      -12.72063606
          0,           0,         208,      -8.404187858,      -8.139639114,      -7.933268912,      -7.877610103,      -7.838916235,      -12.73145637
          0,           0,         209,      -8.412227514,      -8.149977534,      -7.940375981,      -7.884508625,      -7.847331643,      -12.74226297
          0,           0,         210,      -8.420311216,      -8.160339683,      -7.947516816,       -7.89144957,      -7.855809118,      -12.75312257
          0,           0,         211,      -8.428370126,      -8.170668062,      -7.954607729,      -7.898338536,      -7.864254252,      -12.76402413
          0,           0,         212,      -8.436342821,      -8.180926133,      -7.961625382,      -7.905147777,      -7.872594795,      -12.77491093
          0,           0,         213,      -8.444257333,       -8.19115816,      -7.968630534,      -7.911943482,      -7.880867681,      -12.78577047
          0,           0,         214,      -8.452237623,      -8.201475325,       -7.97572399,      -7.918836928,      -7.889221278,      -12.79663513
          0,           0,         215,      -8.460242157,      -8.211790867,      -7.982827288,      -7.925747427,      -7.897613072,      -12.80756026
          0,           0,         216,      -8.468198171,      -8.222055452,      -7.989865197,      -7.932587549,      -7.905941857,      -12.81851142
          0,           0,         217,      -8.476064887,      -8.232251215,      -7.996839668,      -7.939358585,      -7.914164236,      -12.82943679
          0,           0,         218,      -8.483911197,      -8.242455959,      -8.003837287,      -7.946154947,      -7.922363252,      -12.84033958
          0,           0,         219,      -8.491832449,      -8.252735818,      -8.010916213,      -7.953042427,      -7.930655971,      -12.85126663
          0,           0,         220,      -8.499755356,      -8.262995883,      -8.017982648,      -7.959922405,      -7.938958123,      -12.86225183
          0,           0,         221,      -8.507609832,      -8.273192028,      -8.024973884,      -7.966719999,      -7.947172982,      -12.87324607
          0,           0,         222,      -8.515384249,      -8.283333488,      -8.031922016,      -7.973470469,       -7.95529389,      -12.88420834
          0,           0,         223,      -8.523175484,      -8.293513268,      -8.038923868,      -7.980279265,      -7.963435245,      -12.89515856
          0,           0,         224,      -8.531033877,      -8.303746919,      -8.045989713,      -7.987160888,      -7.971662838,      -12.90614959
          0,           0,         225,      -8.538873959,      -8.313947499,      -8.053024041,      -7.994013077,      -7.979872384,      -12.91719003
          0,           0,         226,      -8.546630124,      -8.324073633,      -8.059976175,      -8.000775801,      -7.987976779,      -12.92822552
          0,           0,         227,      -8.554328075,      -8.334169941,      -8.066912294,      -8.007521126,      -7.996013487,      -12.93922601
          0,           0,         228,      -8.562071689,      -8.344320839,      -8.073919407,      -8.014344141,      -8.004105843,      -12.95022847
          0,           0,         229,      -8.569862522,      -8.354500211,      -8.080966035,      -8.021214175,      -8.012262117,       -12.9612814
          0,           0,         230,      -8.577612781,        -8.3646332,      -8.087965222,      -8.028036091,      -8.020371303,      -12.97236763
          0,           0,         231,      -8.585268344,      -8.374683781,      -8.094883963,      -8.034769242,      -8.028364524,      -12.98343663
          0,           0,         232,      -8.592897835,      -8.384735399,      -8.101819088,      -8.041520015,      -8.036326978,       -12.9944717
          0,           0,         233,      -8.600589118,      -8.394841488,      -8.108828552,      -8.048353601,      -8.044366398,      -13.00552541
          0,           0,         234,      -8.608303493,      -8.404952229,      -8.115851341,      -8.055206703,      -8.052440531,      -13.01663244
          0,           0,         235,      -8.615960351,      -8.415006436,      -8.122815125,      -8.061998067,       -8.06044508,      -13.02775322
          0,           0,         236,      -8.623523106,      -8.424980568,      -8.129708093,        -8.0687115,      -8.068336079,      -13.03885115
          0,           0,         237,      -8.631097509,       -8.43498748,       -8.13664987,      -8.075477685,      -8.076239924,      -13.04992472
          0,           0,         238,      -8.638734507,      -8.445036021,      -8.143657574,      -8.082318936,      -8.084225171,      -13.06103395
          0,           0,         239,      -8.646369075,       -8.45506922,      -8.150654555,      -8.089153221,      -8.092212928,      -13.07219129
          0,           0,         240,      -8.653932386,      -8.465036846,      -8.157585925,      -8.095917387,      -8.100113947,      -13.08334501
          0,           0,         241,       -8.66141471,      -8.474938074,       -8.16446656,      -8.102625511,      -8.107917878,      -13.09447431
          0,           0,         242,      -8.668943946,      -8.484896234,      -8.171421722,      -8.109414407,      -8.115776368,        -13.105592
          0,           0,         243,      -8.676523098,      -8.494875383,       -8.17842561,      -8.116261105,      -8.123704733,      -13.11675851
          0,           0,         244,      -8.684075897,      -8.504822968,      -8.185398079,      -8.123077214,      -8.131604394,      -13.12796131
          0,           0,         245,      -8.691548652,      -8.514698792,      -8.192303947,      -8.129821303,      -8.139407216,      -13.13914673
          0,           0,         246,      -8.698966554,      -8.524533023,      -8.199188745,      -8.136541291,      -8.147143567,      -13.15030958
          0,           0,         247,      -8.706456382,      -8.534434799,      -8.206161926,      -8.143357547,      -8.154965861,       -13.1614761
          0,           0,         248,      -8.713974419,      -8.544334736,      -8.213161859,      -8.150208803,      -8.162834538,      -13.17269712
          0,           0,         249,      -8.721444731,      -8.554189039,      -8.220113135,      -8.157009197,      -8.170646423,      -13.18393878
          0,           0,         250,      -8.728833457,      -8.563971333,      -8.227003307,      -8.163743192,      -8.178360464,      -13.19515553
          0,           0,         251,      -8.736203136,      -8.573743593,      -8.233906291,      -8.170489621,      -8.186049364,      -13.20635711
          0,           0,         252,      -8.743653335,      -8.583578689,      -8.240896018,      -8.177331633,      -8.193838091,      -13.21757983
          0,           0,         253,      -8.751105803,      -8.593392922,      -8.247888143,      -8.184182706,      -8.201642508,      -13.22885448
          0,           0,         254,      -8.758491671,      -8.603148665,      -8.254817155,      -8.190965815,      -8.209365819,      -13.24014845
          0,           0,         255,      -8.765804433,      -8.612841395,      -8.261699152,      -8.197697641,      -8.217001686,      -13.25140176
          0,           0,         256,      -8.773136929,      -8.622554036,      -8.268625862,      -8.204476462,      -8.224657793,       -13.2626495
          0,           0,         257,      -8.780541496,      -8.632312163,      -8.275625064,       -8.21133673,      -8.232408359,      -13.27393157
          0,           0,         258,      -8.787923799,      -8.642033974,      -8.282604913,      -8.218181907,      -8.240143407,      -13.28525223
          0,           0,         259,      -8.795225747,      -8.651685714,      -8.289512911,       -8.22494849,      -8.247780349,      -13.29656211
          0,           0,         260,       -8.80247673,      -8.661294282,      -8.296399162,      -8.231690781,      -8.255355465,      -13.30784447
          0,           0,         261,      -8.809779797,      -8.670941466,      -8.303352896,      -8.238505129,      -8.262990944,      -13.31913483
          0,           0,         262,      -8.817132157,      -8.680609989,      -8.310355959,      -8.245376983,      -8.270698197,      -13.33047675
          0,           0,         263,      -8.824441047,      -8.690230529,      -8.317321512,      -8.252212654,      -8.278361535,        -13.341835
          0,           0,         264,       -8.83166215,      -8.699774242,      -8.324213427,      -8.258967139,      -8.285918242,      -13.35317371
          0,           0,         265,        -8.8388669,      -8.709304993,      -8.331117422,      -8.265733478,      -8.293452528,      -13.36449016
          0,           0,         266,      -8.846141076,      -8.718878393,      -8.338096842,      -8.272581683,      -8.301072066,      -13.37582919
          0,           0,         267,      -8.853434418,      -8.728449971,      -8.345098217,      -8.279458544,      -8.308729326,       -13.3872096
          0,           0,         268,      -8.860667749,      -8.737963951,      -8.352048429,      -8.286282795,      -8.316319371,       -13.3985909
          0,           0,         269,      -8.867816632,      -8.747403156,      -8.358933584,      -8.293034918,      -8.323806755,      -13.40995405
          0,           0,         270,      -8.874990602,      -8.756861687,      -8.365866743,      -8.299837486,      -8.331319646,      -13.42130573
          0,           0,         271,      -8.882231191,      -8.766350795,       -8.37286763,      -8.306715409,      -8.338921179,      -13.43269437
          0,           0,         272,       -8.88945983,      -8.775818066,      -8.379863247,      -8.313592392,       -8.34652246,      -13.44411571
          0,           0,         273,      -8.896616913,      -8.785219247,      -8.386799188,      -8.320406103,      -8.354040182,      -13.45552213
          0,           0,         274,       -8.90370758,      -8.794560298,      -8.393691664,      -8.327170784,      -8.361475818,      -13.46691606
          0,           0,         275,      -8.910860546,       -8.80394475,      -8.400660089,      -8.334016372,      -8.368982512,      -13.47831177
          0,           0,         276,      -8.918059069,      -8.813338161,         -8.407676,       -8.34091739,      -8.376559752,      -13.48975146
          0,           0,         277,      -8.925218288,      -8.822693954,      -8.414662296,      -8.347789946,      -8.384100846,      -13.50120737
          0,           0,         278,      -8.932301151,      -8.831978842,      -8.421587354,      -8.354596546,      -8.391550968,      -13.51263996
          0,           0,         279,      -8.939351578,      -8.841231277,      -8.428502962,      -8.361390373,      -8.398957443,      -13.52406861
          0,           0,         280,      -8.946484846,      -8.850534641,       -8.43550605,      -8.368278486,      -8.406464587,      -13.53551276
          0,           0,         281,      -8.953631971,      -8.859823969,       -8.44252975,      -8.375194442,      -8.414008919,        -13.546998
          0,           0,         282,       -8.96071797,      -8.869062363,      -8.449503894,      -8.382058552,      -8.421486832,      -13.55848188
          0,           0,         283,      -8.967733408,      -8.878233133,      -8.456425771,        -8.3888658,      -8.428879105,      -13.56994418
          0,           0,         284,      -8.974760749,      -8.887404879,      -8.463377472,        -8.3957023,      -8.436279079,      -13.58141393
          0,           0,         285,      -8.981867154,      -8.896617026,      -8.470408837,      -8.402626201,      -8.443783634,      -13.59290993
          0,           0,         286,      -8.988954868,       -8.90579644,      -8.477433438,      -8.409548735,      -8.451286624,      -13.60443256
          0,           0,         287,      -8.995965969,      -8.914913395,      -8.484394372,      -8.416402436,      -8.458700902,      -13.61594109
          0,           0,         288,      -9.002927914,       -8.92397908,       -8.49132639,      -8.423223962,      -8.466052656,      -13.62743571
          0,           0,         289,      -9.009942625,      -8.933071949,      -8.498320097,      -8.430109444,      -8.473462809,      -13.63901912
          0,           0,         290,      -9.017010788,      -8.942185313,      -8.505370072,      -8.437058862,      -8.480955491,      -13.65061875
          0,           0,         291,      -9.024034343,      -8.951253959,      -8.512390031,      -8.443980823,      -8.488411576,       -13.6621776
          0,           0,         292,      -9.030973994,      -8.960252144,      -8.519341115,      -8.450827099,      -8.495767387,      -13.67371381
          0,           0,         293,      -9.037902642,         -8.969228,      -8.526300434,      -8.457680627,      -8.503103354,      -13.68524453
          0,           0,         294,      -9.044904536,      -8.978238141,      -8.533334363,      -8.464613348,      -8.510529648,      -13.69680253
          0,           0,         295,      -9.051920183,      -8.987241353,      -8.540393037,      -8.471577289,      -8.517996457,      -13.70838181
          0,           0,         296,      -9.058872844,      -8.996187876,      -8.547404385,      -8.478493364,      -8.525398909,      -13.71994424
          0,           0,         297,      -9.065748496,      -9.005067176,      -8.554355429,      -8.485342311,        -8.5327065,       -13.7315034
          0,           0,         298,      -9.072661083,      -9.013959085,      -8.561356022,      -8.492242666,      -8.540050406,       -13.7430703
          0,           0,         299,      -9.079638982,      -9.022874186,      -8.568422114,      -8.499214579,      -8.547486579,      -13.75466918
          0,           0,         300,      -9.086592712,      -9.031762819,       -8.57548108,      -8.506183391,      -8.554917308,      -13.76627347
          0,           0,         301,      -9.093474188,      -9.040587269,      -8.582482813,      -8.513091914,      -8.562266554,      -13.77785102
          0,           0,         302,      -9.100304775,      -9.049363282,      -8.589451041,       -8.51996146,      -8.569548519,      -13.78944212
          0,           0,         303,      -9.107210452,      -9.058175634,      -8.596497915,      -8.526914145,      -8.576916858,      -13.80104915
          0,           0,         304,      -9.114149228,      -9.066988689,      -8.603584763,      -8.533913319,      -8.584349702,      -13.81268158
          0,           0,         305,       -9.12103448,      -9.075760543,      -8.610637265,       -8.54087866,      -8.591736474,      -13.82430034
          0,           0,         306,      -9.127848758,      -9.084466083,      -8.617633509,      -8.547783586,      -8.599037938,      -13.83590016
          0,           0,         307,      -9.134657279,      -9.093155516,      -8.624638313,      -8.554694045,      -8.606322868,      -13.84752715
          0,           0,         308,      -9.141550624,      -9.101883455,      -8.631726794,       -8.56169437,      -8.613716965,      -13.85917053
          0,           0,         309,      -9.148436135,      -9.110589465,      -8.638823483,       -8.56870865,      -8.621131499,      -13.87081976
          0,           0,         310,      -9.155248981,      -9.119242237,      -8.645865555,      -8.575665169,      -8.628469487,      -13.88244461
          0,           0,         311,      -9.162008345,      -9.127838653,      -8.652868965,      -8.582579432,      -8.635737907,      -13.89407008
          0,           0,         312,      -9.168811707,       -9.13645152,      -8.659922815,      -8.589544131,      -8.643050603,      -13.90572913
          0,           0,         313,      -9.175676168,      -9.145086063,      -8.667041427,       -8.59658032,      -8.650458207,      -13.91739573
          0,           0,         314,      -9.182498781,      -9.153682064,      -8.674139425,      -8.603599506,      -8.657842643,      -13.92904209
          0,           0,         315,      -9.189240489,      -9.162216658,      -8.681172496,      -8.610548023,      -8.665133394,      -13.94067496
          0,           0,         316,      -9.195967005,      -9.170720966,      -8.688203606,      -8.617492968,      -8.672395587,      -13.95232765
          0,           0,         317,      -9.202767466,      -9.179258611,      -8.695307138,      -8.624513002,      -8.679747241,      -13.96401064
          0,           0,         318,       -9.20958622,      -9.187798024,      -8.702442285,      -8.631570758,      -8.687151934,      -13.97568306
          0,           0,         319,      -9.216341969,      -9.196286308,      -8.709535128,      -8.638586905,      -8.694499563,      -13.98731518
          0,           0,         320,      -9.223022931,      -9.204713371,      -8.716568449,      -8.645536991,      -8.701754351,      -13.99896472
          0,           0,         321,      -9.229739429,      -9.213143529,      -8.723645224,      -8.652531774,      -8.709040215,      -14.01064224
          0,           0,         322,      -9.236521723,      -9.221597386,      -8.730788295,      -8.659597246,      -8.716422117,      -14.02233472
          0,           0,         323,      -9.243276187,      -9.230027537,      -8.737927663,      -8.666663083,      -8.723803497,      -14.03399426
          0,           0,         324,      -9.249959316,      -9.238398635,      -8.745012704,      -8.673672458,       -8.73110782,      -14.04561587
          0,           0,         325,      -9.256597044,      -9.246727349,      -8.752065952,      -8.680644408,      -8.738348167,      -14.05728658
          0,           0,         326,      -9.263311594,      -9.255085635,      -8.759195335,      -8.687696336,      -8.745676328,      -14.06897727
          0,           0,         327,      -9.270054662,      -9.263447086,      -8.766364202,      -8.694792744,      -8.753071021,      -14.08065589
          0,           0,         328,       -9.27673883,      -9.271770472,      -8.773499877,      -8.701856559,       -8.76042064,      -14.09228605
          0,           0,         329,      -9.283356362,      -9.280033205,      -8.780582315,      -8.708863655,      -8.767689152,      -14.10391008
          0,           0,         330,      -9.289977987,       -9.28828591,      -8.787678372,      -8.715881039,        -8.7749493,      -14.11559644
          0,           0,         331,      -9.296681436,      -9.296571182,      -8.794854464,      -8.722983797,      -8.782319671,      -14.12727786
          0,           0,         332,      -9.303367583,      -9.304837345,      -8.802036044,       -8.73009669,      -8.789707617,      -14.13891409
          0,           0,         333,      -9.309978058,      -9.313054352,      -8.809163496,      -8.737152464,      -8.797018903,      -14.15051193
          0,           0,         334,      -9.316545164,      -9.321222255,      -8.816258531,      -8.744172991,      -8.804268236,      -14.16214544
          0,           0,         335,      -9.323166266,      -9.329410723,      -8.823409156,      -8.751248742,      -8.811573591,      -14.17382894
          0,           0,         336,      -9.329835922,      -9.337615409,      -8.830617037,      -8.758387361,      -8.818967969,      -14.18547147
          0,           0,         337,      -9.336454611,      -9.345784475,      -8.837800908,      -8.765504834,      -8.826334374,      -14.19704122
          0,           0,         338,      -9.342994763,      -9.353898772,      -8.844922347,      -8.772554359,      -8.833609163,      -14.20861914
          0,           0,         339,      -9.349536207,      -9.361991428,      -8.852052664,      -8.779612028,      -8.840869774,      -14.22025337
          0,           0,         340,      -9.356152014,      -9.370115936,      -8.859254946,      -8.786743522,      -8.848226645,      -14.23190085
          0,           0,         341,      -9.362766085,      -9.378234374,      -8.866479045,      -8.793901637,      -8.855622919,      -14.24347187
          0,           0,         342,      -9.369312764,      -9.386305472,      -8.873658831,      -8.801015594,      -8.862959052,      -14.25496832
          0,           0,         343,      -9.375795916,      -9.394327705,      -8.880787653,      -8.808072374,      -8.870211311,      -14.26653613
          0,           0,         344,      -9.382331902,      -9.402360605,      -8.887970359,      -8.815185049,      -8.877513533,       -14.2781447
          0,           0,         345,      -9.388921166,      -9.410414754,      -8.895211815,      -8.822359498,      -8.884908117,      -14.28971356
          0,           0,         346,      -9.395466372,       -9.41844466,      -8.902440594,      -8.829524018,      -8.892289234,      -14.30118451
          0,           0,         347,      -9.401942155,      -9.426420068,       -8.90961581,      -8.836632938,      -8.899593332,      -14.31262361
          0,           0,         348,      -9.408392232,      -9.434368583,      -8.916775152,      -8.843720906,      -8.906851279,      -14.32417081
          0,           0,         349,      -9.414923954,      -9.442346558,      -8.924012576,      -8.850891025,      -8.914208464,      -14.33570888
          0,           0,         350,      -9.421463101,      -9.450324589,      -8.931278226,      -8.858092972,      -8.921618693,      -14.34715344
          0,           0,         351,      -9.427933876,      -9.458265499,      -8.938504545,      -8.865255188,      -8.928974479,       -14.3585107
          0,           0,         352,      -9.434348082,      -9.466153581,      -8.945684358,       -8.87236824,      -8.936255375,      -14.36990921
          0,           0,         353,      -9.440788707,       -9.47404612,      -8.952895198,      -8.879509649,      -8.943552294,      -14.38140021
          0,           0,         354,      -9.447298195,      -9.481965506,      -8.960177815,      -8.886727477,      -8.950956279,      -14.39281158
          0,           0,         355,      -9.453771985,      -9.489865294,      -8.967455814,      -8.893944031,      -8.958363628,      -14.40409056
          0,           0,         356,      -9.460168709,      -9.497719654,      -8.974677661,      -8.901100874,      -8.965690549,      -14.41534388
          0,           0,         357,      -9.466540608,       -9.50553679,      -8.981881041,      -8.908237627,      -8.972970247,      -14.42669058
          0,           0,         358,      -9.472977896,      -9.513381493,      -8.989148567,      -8.915438234,      -8.980324911,      -14.43806625
          0,           0,         359,      -9.479439689,      -9.521235814,       -8.99645993,      -8.922686976,      -8.987753375,      -14.44929734
          0,           0,         360,      -9.485840788,      -9.529055868,      -9.003740941,       -8.92990722,      -8.995144601,      -14.46038915
          0,           0,         361,      -9.492170374,      -9.536829097,       -9.01096386,      -8.937063828,      -9.002447269,      -14.47155677
          0,           0,         362,      -9.498522474,      -9.544592365,      -9.018211597,      -8.944245826,      -9.009756127,      -14.48280713
          0,           0,         363,      -9.504942018,      -9.552386722,      -9.025528324,      -8.951497755,      -9.017165579,      -14.49399402
          0,           0,         364,      -9.511337877,      -9.560171643,      -9.032854934,      -8.958762966,      -9.024597875,      -14.50499964
          0,           0,         365,      -9.517665245,      -9.567912919,      -9.040134976,      -8.965981413,      -9.031966564,      -14.51591246
          0,           0,         366,      -9.523944027,      -9.575618101,      -9.047375663,      -8.973154643,      -9.039262242,      -14.52698649
          0,           0,         367,      -9.530287703,      -9.583339283,      -9.054678601,      -8.980393006,       -9.04662401,      -14.53807074
          0,           0,         368,      -9.536665808,      -9.591078367,      -9.062031557,      -8.987682911,      -9.054070573,      -14.54900019
          0,           0,         369,      -9.542987386,      -9.598793308,      -9.069364763,      -8.994954677,      -9.061493202,        -14.559754
          0,           0,         370,      -9.549245174,      -9.606459055,      -9.076646397,      -9.002173222,      -9.068840216,      -14.57051392
          0,           0,         371,      -9.555494704,      -9.614110349,      -9.083926254,      -9.009385332,      -9.076156516,       -14.5814439
          0,           0,         372,      -9.561822329,      -9.621789999,      -9.091282239,       -9.01667751,      -9.083576815,      -14.59227167
          0,           0,         373,      -9.568139787,      -9.629469543,      -9.098658929,      -9.023992571,      -9.091041752,       -14.6028802
          0,           0,         374,      -9.574385927,      -9.637115735,      -9.105993878,      -9.031265011,      -9.098449377,      -14.61337368
          0,           0,         375,      -9.580585304,       -9.64471671,      -9.113287446,      -9.038494253,      -9.105786604,      -14.62397889
          0,           0,         376,      -9.586821059,      -9.652328839,       -9.12062009,      -9.045760005,      -9.113150669,      -14.63468158
          0,           0,         377,      -9.593112472,      -9.659964427,       -9.12801851,      -9.053095159,      -9.120618098,      -14.64516986
          0,           0,         378,      -9.599359167,      -9.667583034,      -9.135409906,      -9.060425623,      -9.128086351,      -14.65541765
          0,           0,         379,      -9.605532392,      -9.675162158,      -9.142747016,      -9.067698345,      -9.135476315,      -14.66567033
          0,           0,         380,       -9.61168939,      -9.682709207,      -9.150070019,      -9.074956068,      -9.142821868,      -14.67607731
          0,           0,         381,      -9.617910384,      -9.690283957,      -9.157457759,      -9.082277521,      -9.150244469,      -14.68645698
          0,           0,         382,      -9.624145178,      -9.697867879,      -9.164886944,      -9.089643441,       -9.15774006,      -14.69654702
          0,           0,         383,       -9.63031811,      -9.705422733,      -9.172287816,      -9.096982742,      -9.165202519,      -14.70642399
          0,           0,         384,      -9.636425379,      -9.712938191,      -9.179633674,       -9.10426185,      -9.172579897,      -14.71644974
          0,           0,         385,      -9.642554994,       -9.72044256,      -9.187001586,      -9.111563971,      -9.179957106,      -14.72658015
          0,           0,         386,      -9.648746644,      -9.727978002,      -9.194438074,      -9.118934167,      -9.187434886,      -14.73654481
          0,           0,         387,      -9.654912179,      -9.735508244,      -9.201888623,      -9.126320963,      -9.194944068,      -14.74619784
          0,           0,         388,      -9.661011997,      -9.743001541,       -9.20929657,      -9.133665682,      -9.202396952,      -14.75571898
          0,           0,         389,      -9.667064111,       -9.75046242,      -9.216663022,      -9.140963047,       -9.20977365,      -14.76549163
          0,           0,         390,       -9.67317187,      -9.757932348,      -9.224082786,       -9.14831653,      -9.217199347,      -14.77525087
          0,           0,         391,      -9.679315788,      -9.765425407,      -9.231558848,       -9.15572588,      -9.224719894,      -14.78473087
          0,           0,         392,      -9.685407379,      -9.772902208,      -9.239025217,      -9.163127297,      -9.232233953,      -14.79392924
          0,           0,         393,      -9.691437638,      -9.780337686,      -9.246442132,      -9.170478699,       -9.23967826,      -14.80312006
          0,           0,         394,      -9.697447334,      -9.787753762,      -9.253843262,      -9.177808802,      -9.247071321,      -14.81257784
          0,           0,         395,      -9.703528082,      -9.795191262,      -9.261314677,      -9.185212875,      -9.254551611,      -14.82187732
          0,           0,         396,      -9.709610618,      -9.802639103,      -9.268822645,      -9.192653474,      -9.262102149,      -14.83083232
          0,           0,         397,      -9.715628275,      -9.810063221,      -9.276302447,      -9.200066392,      -9.269616996,      -14.83958059
          0,           0,         398,      -9.721594498,      -9.817445418,      -9.283734093,       -9.20742995,      -9.277057669,      -14.84845119
          0,           0,         399,      -9.727570894,      -9.824824124,      -9.291180157,       -9.21480354,      -9.284483485,       -14.8575194
          0,           0,         400,      -9.733612639,      -9.832227219,      -9.298698788,      -9.222253115,      -9.292015081,       -14.8662956
          0,           0,         401,      -9.739626603,      -9.839628455,      -9.306233577,      -9.229719547,      -9.299586538,      -14.87471221
          0,           0,         402,      -9.745572343,      -9.847001598,      -9.313726946,      -9.237143463,      -9.307101555,      -14.88303207
          0,           0,         403,      -9.751481133,      -9.854336219,      -9.321181616,      -9.244527329,      -9.314546792,      -14.89156328
          0,           0,         404,      -9.757426278,      -9.861681732,      -9.328676698,      -9.251948524,      -9.322016174,      -14.90017278
          0,           0,         405,      -9.763416219,      -9.869047476,      -9.336236684,      -9.259437248,      -9.329590883,      -14.90839521
          0,           0,         406,      -9.769359179,      -9.876401857,        -9.3437954,      -9.266926051,      -9.337177818,      -14.91628219
          0,           0,         407,      -9.775235848,      -9.883726133,      -9.351304608,      -9.274362691,      -9.344694781,      -14.92420041
          0,           0,         408,      -9.781093296,      -9.891018455,      -9.358790698,      -9.281775202,      -9.352154163,       -14.9323556
          0,           0,         409,      -9.787002966,      -9.898331563,      -9.366334566,      -9.289243303,       -9.35967122,       -14.9404581
          0,           0,         410,      -9.792931919,      -9.905657664,       -9.37393127,      -9.296766178,      -9.367281114,      -14.94812671
          0,           0,         411,      -9.798804302,      -9.912965819,      -9.381513162,      -9.304275933,       -9.37488142,      -14.95550958
          0,           0,         412,      -9.804615179,      -9.920243673,       -9.38904226,      -9.311728902,      -9.382404059,      -14.96304625
          0,           0,         413,      -9.810425184,      -9.927497619,      -9.396566056,      -9.319176285,      -9.389886253,      -14.97079087
          0,           0,         414,      -9.816292196,       -9.93477715,      -9.404156665,      -9.326688624,      -9.397450257,      -14.97836657
          0,           0,         415,      -9.822155409,      -9.942062441,      -9.411787609,      -9.334242861,      -9.405090218,      -14.98550312
          0,           0,         416,      -9.827958885,      -9.949325623,      -9.419393728,      -9.341774017,      -9.412704498,      -14.99241688
          0,           0,         417,      -9.833707065,      -9.956559526,      -9.426947597,      -9.349247846,      -9.420237716,      -14.99958203
          0,           0,         418,      -9.839470475,      -9.963777171,      -9.434512458,      -9.356733273,      -9.427748658,      -15.00689624
          0,           0,         419,      -9.845287605,      -9.971021257,      -9.442147393,      -9.364286847,      -9.435356304,      -15.01395337
          0,           0,         420,      -9.851083456,      -9.978265308,      -9.449811886,       -9.37187139,      -9.443023865,      -15.02059372
          0,           0,         421,       -9.85681991,       -9.98548488,      -9.457444496,      -9.379425689,      -9.450654429,      -15.02707674
          0,           0,         422,      -9.862507669,        -9.9926769,      -9.465027768,      -9.386924702,      -9.458203279,      -15.03387613
          0,           0,         423,      -9.868222702,      -9.999858666,      -9.472634697,      -9.394448797,      -9.465745734,      -15.04075993
          0,           0,         424,      -9.873984332,      -10.00706544,      -9.480312009,      -9.402041104,      -9.473393075,      -15.04732915
          0,           0,         425,      -9.879713008,      -10.01426811,      -9.488010778,      -9.409656227,      -9.481087837,      -15.05351749
          0,           0,         426,       -9.88538422,      -10.02144528,      -9.495673068,      -9.417236364,      -9.488738163,       -15.0596073
          0,           0,         427,      -9.891012764,      -10.02859676,      -9.503289666,      -9.424764162,      -9.496307365,      -15.06604942
          0,           0,         428,      -9.896676165,      -10.03574184,      -9.510938433,      -9.432326175,      -9.503881688,      -15.07252205
          0,           0,         429,      -9.902378709,      -10.04290968,      -9.518657102,      -9.439955647,      -9.511565333,      -15.07864954
          0,           0,         430,      -9.908041326,      -10.05007092,      -9.526392078,      -9.447602756,      -9.519288502,      -15.08443418
          0,           0,         431,      -9.913648853,      -10.05720666,      -9.534087933,       -9.45521214,      -9.526962911,      -15.09016589
          0,           0,         432,      -9.919218389,       -10.0643183,      -9.541741006,      -9.462771523,      -9.534556682,      -15.09626553
          0,           0,         433,      -9.924826412,      -10.07142528,      -9.549430824,      -9.470370081,      -9.542161627,      -15.10236079
          0,           0,         434,      -9.930467937,      -10.07855287,      -9.557190556,      -9.478035872,      -9.549878854,      -15.10810019
          0,           0,         435,      -9.936065971,      -10.08567253,      -9.564964395,      -9.485717074,      -9.557632602,      -15.11353008
          0,           0,         436,      -9.941611094,      -10.09276747,       -9.57269803,      -9.493359468,      -9.565335852,      -15.11893684
          0,           0,         437,      -9.947121123,       -10.0998394,      -9.580390129,      -9.500952612,      -9.572958011,      -15.12471495
          0,           0,         438,      -9.952670099,      -10.10690645,      -9.588119949,      -9.508586044,      -9.580591411,      -15.13047597
