"Time_Iter","Outer_Iter","Inner_Iter",    "rms[Rho]"    ,    "rms[RhoU]"   ,    "rms[RhoV]"   ,    "rms[RhoE]"   ,     "rms[nu]"    
          0,           0,           0,      -4.135939208,      -13.63175982,       -13.6725769,      -2.088231776,      -9.859755034
          0,           0,           1,      -4.308689548,      -4.131894421,      -3.485519472,      -2.257060615,      -10.20426935
          0,           0,           2,      -4.838482156,      -4.536799427,      -4.058990394,      -2.791948015,      -10.63706846
          0,           0,           3,      -4.977454972,      -4.656008374,      -4.157207145,      -2.930327503,      -11.00891374
          0,           0,           4,      -5.024698495,      -4.722276066,      -4.205098611,      -2.977269523,      -11.14671038
          0,           0,           5,      -5.054264113,      -4.769740323,      -4.234318224,      -3.006821311,      -11.23032424
          0,           0,           6,      -5.075442948,      -4.804377295,      -4.254908232,      -3.027972528,      -11.29081792
          0,           0,           7,      -5.090435664,       -4.82716912,       -4.26899021,      -3.042928704,      -11.34937983
          0,           0,           8,      -5.099750299,      -4.837626475,      -4.276838347,       -3.05220529,      -11.38998614
          0,           0,           9,      -5.103350243,      -4.833876462,      -4.278165796,      -3.055765637,      -11.42053973
          0,           0,          10,      -5.101270366,      -4.814177485,      -4.272910319,      -3.053651534,      -11.44547317
          0,           0,          11,      -5.094044978,      -4.778883063,      -4.261721039,      -3.046410717,      -11.46714377
          0,           0,          12,      -5.082820675,      -4.731355128,      -4.246055414,      -3.035202722,      -11.48126755
          0,           0,          13,      -5.069133163,      -4.676853206,      -4.227856549,      -3.021569596,       -11.4903623
          0,           0,          14,      -5.054552692,      -4.620521231,      -4.209065715,      -3.007078962,      -11.49618486
          0,           0,          15,      -5.040373359,      -4.566100899,      -4.191209539,      -2.993015163,      -11.50099805
          0,           0,          16,      -5.027464668,       -4.51573349,      -4.175229206,      -2.980233859,      -11.50498391
          0,           0,          17,      -5.016263995,      -4.470296227,      -4.161502281,      -2.969158075,      -11.50780238
          0,           0,          18,      -5.006844858,      -4.429834442,      -4.149984231,      -2.959849952,      -11.50975602
          0,           0,          19,      -4.999013034,       -4.39393887,      -4.140379171,      -2.952108998,      -11.51115697
          0,           0,          20,      -4.992407667,      -4.362026119,      -4.132288836,      -2.945573862,      -11.51210129
          0,           0,          21,      -4.986603334,       -4.33351786,      -4.125321552,      -2.939823556,      -11.51276458
          0,           0,          22,      -4.981193935,      -4.307922839,      -4.119161154,       -2.93445857,      -11.51276929
          0,           0,          23,      -4.975869171,      -4.284848684,      -4.113573019,       -2.92917458,      -11.51201682
          0,           0,          24,      -4.970444526,      -4.263979107,      -4.108401105,      -2.923790398,      -11.51030658
          0,           0,          25,      -4.964868289,      -4.245042375,      -4.103540937,      -2.918253518,      -11.50781244
          0,           0,          26,       -4.95917282,      -4.227787389,      -4.098928495,       -2.91259193,      -11.50468188
          0,           0,          27,      -4.953442958,       -4.21198227,       -4.09452218,      -2.906883704,      -11.50107402
          0,           0,          28,      -4.947765818,      -4.197417769,      -4.090300856,      -2.901208229,      -11.49715793
          0,           0,          29,      -4.942202245,      -4.183920326,      -4.086258398,      -2.895619485,       -11.4929263
          0,           0,          30,      -4.936766773,      -4.171359263,      -4.082403711,      -2.890127296,      -11.48841498
          0,           0,          31,       -4.93141934,      -4.159644565,        -4.0787623,      -2.884689635,      -11.48343401
          0,           0,          32,      -4.926079494,      -4.148720009,       -4.07536924,      -2.879227373,      -11.47796572
          0,           0,          33,      -4.920645202,      -4.138549395,      -4.072261274,      -2.873643092,      -11.47197926
          0,           0,          34,      -4.915014915,      -4.129103647,      -4.069466854,      -2.867842699,      -11.46545758
          0,           0,          35,      -4.909110532,      -4.120352485,      -4.066997851,      -2.861757232,      -11.45841651
          0,           0,          36,      -4.902888544,      -4.112260931,      -4.064843956,       -2.85535281,      -11.45090651
          0,           0,          37,      -4.896340654,      -4.104790896,      -4.062970042,      -2.848630012,      -11.44302838
          0,           0,          38,       -4.88948892,      -4.097904302,      -4.061320792,      -2.841617775,      -11.43483729
          0,           0,          39,      -4.882376915,       -4.09156614,      -4.059826929,      -2.834363913,      -11.42632529
          0,           0,          40,      -4.875057478,      -4.085744687,       -4.05841339,      -2.826922888,      -11.41757782
          0,           0,          41,      -4.867585846,      -4.080409183,      -4.057008662,      -2.819349336,      -11.40865105
          0,           0,          42,      -4.860014613,      -4.075524668,      -4.055551174,      -2.811693755,      -11.39957047
          0,           0,          43,      -4.852392775,       -4.07104559,      -4.053992454,      -2.804002288,      -11.39032276
          0,           0,          44,      -4.844765921,      -4.066910754,      -4.052297997,      -2.796317486,      -11.38091721
          0,           0,          45,      -4.837176161,      -4.063041445,      -4.050444732,      -2.788678685,      -11.37134589
          0,           0,          46,      -4.829661682,      -4.059342218,      -4.048418845,      -2.781121739,      -11.36158838
          0,           0,          47,      -4.822256209,      -4.055706196,      -4.046213243,      -2.773678469,      -11.35165661
          0,           0,          48,       -4.81498802,      -4.052022853,      -4.043826509,      -2.766375556,      -11.34153973
          0,           0,          49,      -4.807878905,      -4.048188561,      -4.041262097,      -2.759233428,      -11.33123073
          0,           0,          50,       -4.80094357,      -4.044116644,      -4.038528287,      -2.752265624,      -11.32075137
          0,           0,          51,       -4.79418929,      -4.039745284,      -4.035637475,       -2.74547844,      -11.31011324
          0,           0,          52,      -4.787616038,      -4.035042388,      -4.032605252,      -2.738871106,       -11.2993033
          0,           0,          53,      -4.781216356,      -4.030003855,      -4.029447286,      -2.732435645,      -11.28834723
          0,           0,          54,       -4.77497668,      -4.024650646,      -4.026177072,      -2.726158185,      -11.27726004
          0,           0,          55,      -4.768878274,      -4.019023053,      -4.022804218,      -2.720019918,      -11.26603117
          0,           0,          56,      -4.762898947,      -4.013171951,      -4.019332856,      -2.713998867,       -11.2546965
          0,           0,          57,       -4.75701487,      -4.007150697,      -4.015761209,      -2.708071635,      -11.24327335
          0,           0,          58,      -4.751202966,      -4.001009518,      -4.012081337,      -2.702215733,      -11.23174644
          0,           0,          59,      -4.745442648,      -3.994789369,      -4.008281001,      -2.696411278,      -11.22017237
          0,           0,          60,       -4.73971781,      -3.988519944,      -4.004344904,      -2.690642899,      -11.20861776
          0,           0,          61,       -4.73401782,      -3.982221045,      -4.000256542,      -2.684900701,      -11.19707929
          0,           0,          62,      -4.728338033,      -3.975903301,      -3.995998824,      -2.679180788,      -11.18558221
          0,           0,          63,      -4.722679459,      -3.969570079,      -3.991556443,      -2.673484914,      -11.17415904
          0,           0,          64,      -4.717047737,      -3.963219218,      -3.986916808,      -2.667819407,      -11.16282643
          0,           0,          65,      -4.711451913,      -3.956845275,      -3.982070666,      -2.662193938,      -11.15160803
          0,           0,          66,       -4.70590404,      -3.950443681,      -3.977009843,      -2.656621099,      -11.14049852
          0,           0,          67,      -4.700417147,      -3.944010216,      -3.971731454,      -2.651114413,      -11.12950292
          0,           0,          68,      -4.695004409,      -3.937542753,       -3.96623661,      -2.645687513,      -11.11861253
          0,           0,          69,       -4.68967771,      -3.931041749,       -3.96052987,      -2.640352723,      -11.10782201
          0,           0,          70,      -4.684447923,      -3.924511975,      -3.954617704,      -2.635121385,      -11.09715999
          0,           0,          71,      -4.679323565,      -3.917959742,      -3.948510362,      -2.630002369,       -11.0866474
          0,           0,          72,      -4.674310727,      -3.911392714,      -3.942221953,       -2.62500202,      -11.07626121
          0,           0,          73,      -4.669413186,      -3.904825387,      -3.935764741,      -2.620124506,      -11.06600321
          0,           0,          74,      -4.664631949,      -3.898265741,      -3.929155351,      -2.615371017,      -11.05589704
          0,           0,          75,       -4.65996608,      -3.891725312,      -3.922411584,      -2.610740747,      -11.04596986
          0,           0,          76,      -4.655412292,       -3.88522142,      -3.915552411,      -2.606230541,      -11.03615151
          0,           0,          77,      -4.650964981,      -3.878772278,      -3.908596238,      -2.601834815,      -11.02647548
          0,           0,          78,      -4.646617098,      -3.872382128,      -3.901562427,      -2.597546431,       -11.0169587
          0,           0,          79,       -4.64235994,      -3.866058413,      -3.894471125,      -2.593356695,      -11.00762938
          0,           0,          80,      -4.638183724,      -3.859817112,      -3.887342108,      -2.589255576,      -10.99837677
          0,           0,          81,      -4.634077207,      -3.853675537,      -3.880196772,      -2.585231692,      -10.98925297
          0,           0,          82,      -4.630028321,      -3.847635981,      -3.873058682,      -2.581272681,      -10.98029367
          0,           0,          83,       -4.62602456,      -3.841699674,      -3.865950625,      -2.577365413,      -10.97145989
          0,           0,          84,      -4.622053855,      -3.835873144,      -3.858891586,      -2.573497317,      -10.96271075
          0,           0,          85,      -4.618103773,       -3.83016338,      -3.851905065,        -2.5696556,      -10.95407137
          0,           0,          86,      -4.614163485,       -3.82457265,       -3.84501435,      -2.565828948,      -10.94554224
          0,           0,          87,      -4.610222569,      -3.819089643,      -3.838238458,      -2.562005981,      -10.93707534
          0,           0,          88,      -4.606271284,      -3.813718397,      -3.831588389,      -2.558176079,      -10.92865904
          0,           0,          89,      -4.602301929,      -3.808450089,      -3.825085658,      -2.554330917,      -10.92032023
          0,           0,          90,      -4.598308823,      -3.803279407,      -3.818746951,      -2.550464183,      -10.91207637
          0,           0,          91,      -4.594287398,      -3.798203118,       -3.81258116,      -2.546570418,      -10.90381208
          0,           0,          92,      -4.590233615,      -3.793208822,      -3.806594147,      -2.542644599,        -10.895567
          0,           0,          93,      -4.586145268,      -3.788291478,      -3.800793101,      -2.538683734,      -10.88737298
          0,           0,          94,      -4.582022698,      -3.783444661,       -3.79519065,      -2.534687651,      -10.87920082
          0,           0,          95,      -4.577866798,      -3.778660522,      -3.789790645,      -2.530656603,      -10.87099257
          0,           0,          96,      -4.573678376,      -3.773936565,      -3.784589802,      -2.526590462,      -10.86277596
          0,           0,          97,      -4.569459483,      -3.769271415,      -3.779591418,      -2.522490882,      -10.85459486
          0,           0,          98,      -4.565214357,      -3.764662498,      -3.774801046,      -2.518361906,      -10.84640777
          0,           0,          99,      -4.560947563,      -3.760107937,      -3.770218377,      -2.514207517,      -10.83816168
          0,           0,         100,      -4.556662808,      -3.755612158,      -3.765840525,      -2.510031015,      -10.82990371
          0,           0,         101,      -4.552365973,      -3.751178931,      -3.761666259,      -2.505838274,      -10.82169526
          0,           0,         102,      -4.548063987,      -3.746810353,      -3.757697124,      -2.501636281,      -10.81349299
          0,           0,         103,      -4.543763846,      -3.742507437,      -3.753930268,      -2.497431847,      -10.80523212
          0,           0,         104,      -4.539472414,      -3.738276199,       -3.75036007,      -2.493231939,      -10.79696344
          0,           0,         105,      -4.535197809,      -3.734117762,       -3.74698201,      -2.489045025,      -10.78876893
          0,           0,         106,      -4.530948452,      -3.730030507,       -3.74379183,      -2.484879901,      -10.78062489
          0,           0,         107,      -4.526732482,      -3.726012322,      -3.740781687,      -2.480745154,      -10.77242626
          0,           0,         108,      -4.522557475,      -3.722059784,      -3.737939814,      -2.476648939,      -10.76423353
          0,           0,         109,      -4.518430907,      -3.718165582,      -3.735254935,      -2.472599526,       -10.7561663
          0,           0,         110,      -4.514359431,      -3.714319158,      -3.732714266,      -2.468604393,      -10.74818733
          0,           0,         111,      -4.510348832,       -3.71051017,      -3.730302441,      -2.464670191,      -10.74013302
          0,           0,         112,      -4.506403479,      -3.706727535,      -3.728000759,      -2.460802167,      -10.73211851
          0,           0,         113,      -4.502526747,      -3.702961007,      -3.725789944,      -2.457004625,      -10.72426054
          0,           0,         114,      -4.498721027,      -3.699198456,      -3.723652046,      -2.453280737,      -10.71652527
          0,           0,         115,      -4.494987582,      -3.695433331,      -3.721567467,      -2.449632298,       -10.7087104
          0,           0,         116,      -4.491326627,      -3.691662199,      -3.719516887,      -2.446059864,      -10.70096893
          0,           0,         117,      -4.487737794,      -3.687886324,      -3.717481861,      -2.442563171,      -10.69341795
          0,           0,         118,      -4.484220539,      -3.684110977,      -3.715448949,      -2.439141471,      -10.68596985
          0,           0,         119,      -4.480773649,      -3.680346868,      -3.713406694,      -2.435792967,      -10.67849143
          0,           0,         120,      -4.477396285,      -3.676609893,      -3.711348157,      -2.432515944,      -10.67113234
          0,           0,         121,      -4.474087293,      -3.672918728,      -3.709268465,      -2.429308085,      -10.66391807
          0,           0,         122,      -4.470845493,      -3.669294123,      -3.707168699,      -2.426166933,      -10.65684812
          0,           0,         123,      -4.467670146,      -3.665759118,       -3.70505356,      -2.423090509,       -10.6498202
          0,           0,         124,      -4.464559956,      -3.662333572,      -3.702932739,       -2.42007624,      -10.64288418
          0,           0,         125,      -4.461513259,      -3.659034555,      -3.700815316,      -2.417121262,      -10.63610531
          0,           0,         126,      -4.458527797,      -3.655872449,      -3.698712108,      -2.414222405,      -10.62947161
          0,           0,         127,      -4.455600757,      -3.652853274,      -3.696634045,      -2.411376478,      -10.62293296
          0,           0,         128,      -4.452728187,      -3.649975377,      -3.694590092,      -2.408579568,      -10.61647876
          0,           0,         129,      -4.449905607,      -3.647227873,      -3.692585928,      -2.405827605,      -10.61017837
          0,           0,         130,      -4.447127288,      -3.644590635,      -3.690623082,      -2.403115561,      -10.60399233
          0,           0,         131,      -4.444387101,      -3.642036296,      -3.688696973,      -2.400438477,      -10.59793322
          0,           0,         132,      -4.441678674,      -3.639532677,      -3.686797423,      -2.397791534,      -10.59195602
          0,           0,         133,      -4.438995422,      -3.637043183,      -3.684909168,      -2.395169788,      -10.58609497
          0,           0,         134,      -4.436331233,      -3.634526763,      -3.683012212,      -2.392568735,       -10.5803588
          0,           0,         135,       -4.43368107,      -3.631943276,      -3.681081715,      -2.389984865,       -10.5747302
          0,           0,         136,      -4.431040941,       -3.62925795,      -3.679089722,      -2.387415441,      -10.56918459
          0,           0,         137,      -4.428408118,      -3.626438345,      -3.677008871,      -2.384858622,      -10.56376839
          0,           0,         138,       -4.42578167,      -3.623461024,      -3.674811881,       -2.38231402,      -10.55841248
          0,           0,         139,      -4.423162295,      -3.620311451,      -3.672474501,      -2.379782311,      -10.55319143
          0,           0,         140,      -4.420552219,      -3.616986693,      -3.669977335,      -2.377265274,      -10.54803911
          0,           0,         141,      -4.417954756,       -3.61349136,      -3.667309066,      -2.374765377,      -10.54303785
          0,           0,         142,       -4.41537438,      -3.609840542,      -3.664464854,      -2.372285822,      -10.53813245
          0,           0,         143,       -4.41281565,      -3.606059875,      -3.661447163,      -2.369829561,      -10.53330813
          0,           0,         144,      -4.410283188,      -3.602179296,      -3.658267855,      -2.367399513,      -10.52861102
          0,           0,         145,      -4.407781287,      -3.598231397,      -3.654947644,      -2.364998358,      -10.52399476
          0,           0,         146,      -4.405312853,      -3.594253453,      -3.651512088,      -2.362627367,      -10.51952846
          0,           0,         147,       -4.40287938,      -3.590282221,       -3.64799185,      -2.360286516,      -10.51514519
          0,           0,         148,       -4.40048049,       -3.58634978,      -3.644420976,       -2.35797422,      -10.51086166
          0,           0,         149,      -4.398113844,      -3.582483596,      -3.640835218,      -2.355687268,      -10.50668327
          0,           0,         150,       -4.39577486,      -3.578705945,      -3.637269607,      -2.353420596,      -10.50261693
          0,           0,         151,       -4.39345678,      -3.575033351,      -3.633756493,      -2.351167333,      -10.49865301
          0,           0,         152,      -4.391150957,      -3.571474434,      -3.630324486,      -2.348919106,      -10.49478904
          0,           0,         153,      -4.388846859,      -3.568030582,      -3.626996809,       -2.34666583,      -10.49102667
          0,           0,         154,      -4.386532436,      -3.564695406,      -3.623791768,      -2.344396085,      -10.48736193
          0,           0,         155,      -4.384194845,      -3.561458202,      -3.620721165,      -2.342098062,      -10.48378691
          0,           0,         156,      -4.381820716,      -3.558304633,      -3.617790394,      -2.339759514,      -10.48031084
          0,           0,         157,      -4.379396701,       -3.55521694,      -3.614998673,      -2.337368065,      -10.47693011
          0,           0,         158,      -4.376909842,      -3.552174879,       -3.61233968,        -2.3349115,      -10.47363935
          0,           0,         159,       -4.37434829,      -3.549158853,      -3.609802938,      -2.332378654,      -10.47043805
          0,           0,         160,      -4.371701961,      -3.546151799,      -3.607374388,      -2.329760076,      -10.46730357
          0,           0,         161,      -4.368962757,      -3.543140656,      -3.605037073,      -2.327047904,      -10.46424738
          0,           0,         162,      -4.366124878,      -3.540116249,      -3.602772724,      -2.324236088,      -10.46129824
          0,           0,         163,      -4.363185358,      -3.537075506,      -3.600562986,      -2.321321093,      -10.45842183
          0,           0,         164,      -4.360144207,      -3.534020351,      -3.598391642,      -2.318302112,       -10.4556312
          0,           0,         165,      -4.357004722,      -3.530959465,      -3.596244887,      -2.315181412,      -10.45291158
          0,           0,         166,      -4.353773343,      -3.527907047,      -3.594111774,      -2.311964051,      -10.45027645
          0,           0,         167,      -4.350459558,      -3.524882831,      -3.591985457,      -2.308657904,      -10.44772337
          0,           0,         168,      -4.347075733,      -3.521909902,        -3.5898637,      -2.305273674,      -10.44522587
          0,           0,         169,      -4.343636811,      -3.519012007,      -3.587749541,      -2.301824675,      -10.44283463
          0,           0,         170,      -4.340159823,      -3.516213872,      -3.585650142,      -2.298326489,       -10.4405193
          0,           0,         171,      -4.336663155,       -3.51353902,       -3.58357567,      -2.294796234,      -10.43828069
          0,           0,         172,      -4.333165912,      -3.511008716,      -3.581539011,       -2.29125206,      -10.43609502
          0,           0,         173,      -4.329687089,      -3.508638793,      -3.579554496,      -2.287712463,      -10.43397507
          0,           0,         174,      -4.326244728,      -3.506437173,      -3.577636822,      -2.284195478,      -10.43195332
          0,           0,         175,      -4.322855266,      -3.504405224,      -3.575798539,      -2.280718142,      -10.43000953
          0,           0,         176,      -4.319532661,      -3.502537188,      -3.574048425,      -2.277295597,      -10.42808979
          0,           0,         177,      -4.316287873,      -3.500819033,      -3.572390853,       -2.27394055,      -10.42617846
          0,           0,         178,      -4.313128405,      -3.499228627,      -3.570824014,      -2.270662798,      -10.42432981
          0,           0,         179,      -4.310058206,      -3.497734716,      -3.569339536,      -2.267469005,      -10.42256855
          0,           0,         180,      -4.307077883,      -3.496301939,      -3.567920596,      -2.264362906,      -10.42087004
          0,           0,         181,      -4.304184928,       -3.49489149,      -3.566543288,      -2.261345344,      -10.41910894
          0,           0,         182,       -4.30137444,      -3.493463251,      -3.565176693,      -2.258414795,      -10.41733824
          0,           0,         183,      -4.298639879,      -3.491977863,      -3.563783934,      -2.255567926,      -10.41562432
          0,           0,         184,      -4.295974289,      -3.490398411,      -3.562323891,      -2.252800636,      -10.41394497
          0,           0,         185,      -4.293371278,      -3.488695622,      -3.560753155,       -2.25010892,      -10.41219676
          0,           0,         186,      -4.290826219,      -3.486849292,      -3.559029198,      -2.247489899,      -10.41043052
          0,           0,         187,      -4.288336986,      -3.484848821,      -3.557112906,      -2.244942362,      -10.40866958
          0,           0,         188,      -4.285904986,      -3.482694378,      -3.554971429,      -2.242467797,      -10.40691616
          0,           0,         189,      -4.283535262,      -3.480395216,      -3.552580535,       -2.24007042,      -10.40508115
          0,           0,         190,      -4.281237022,      -3.477971496,      -3.549926434,      -2.237757838,      -10.40315908
          0,           0,         191,      -4.279022825,      -3.475451321,      -3.547007834,      -2.235540353,      -10.40122534
          0,           0,         192,      -4.276908542,      -3.472868393,      -3.543836413,       -2.23343101,      -10.39931403
          0,           0,         193,      -4.274911699,      -3.470258992,      -3.540436028,       -2.23144414,      -10.39736444
          0,           0,         194,      -4.273050934,      -3.467658883,      -3.536841664,      -2.229594954,      -10.39535102
          0,           0,         195,      -4.271344348,      -3.465102303,      -3.533097756,      -2.227898247,      -10.39329939
          0,           0,         196,      -4.269808272,       -3.46261977,      -3.529256328,      -2.226367305,      -10.39127172
          0,           0,         197,      -4.268456078,      -3.460236187,      -3.525374052,      -2.225012804,      -10.38926832
          0,           0,         198,      -4.267296656,      -3.457968155,      -3.521509877,      -2.223841385,      -10.38724033
          0,           0,         199,      -4.266333985,      -3.455825856,       -3.51772302,      -2.222855368,      -10.38513882
          0,           0,         200,      -4.265566131,      -3.453812159,      -3.514070644,      -2.222051779,        -10.383026
          0,           0,         201,       -4.26498517,      -3.451923515,      -3.510605684,      -2.221422367,      -10.38096381
          0,           0,         202,      -4.264576848,      -3.450152278,      -3.507375808,      -2.220953166,      -10.37887441
          0,           0,         203,      -4.264320962,      -3.448484725,       -3.50442313,      -2.220624726,      -10.37674738
          0,           0,         204,      -4.264191957,      -3.446904712,      -3.501783153,      -2.220412733,      -10.37460546
          0,           0,         205,      -4.264159926,      -3.445395472,       -3.49948361,      -2.220289004,      -10.37253714
          0,           0,         206,       -4.26419148,      -3.443941591,      -3.497544009,      -2.220222205,      -10.37047875
          0,           0,         207,      -4.264251261,      -3.442528526,      -3.495976701,      -2.220179234,      -10.36837694
          0,           0,         208,      -4.264303327,      -3.441143552,      -3.494786819,      -2.220126526,       -10.3662572
          0,           0,         209,      -4.264312782,      -3.439777298,      -3.493971588,      -2.220031564,      -10.36419332
          0,           0,         210,       -4.26424729,      -3.438424688,       -3.49352004,      -2.219864311,      -10.36214387
          0,           0,         211,      -4.264078429,      -3.437083994,      -3.493413671,       -2.21959853,      -10.35999731
          0,           0,         212,      -4.263783317,      -3.435756663,       -3.49362717,      -2.219213389,      -10.35797615
          0,           0,         213,      -4.263345188,      -3.434446175,      -3.494129228,      -2.218693865,       -10.3560667
          0,           0,         214,      -4.262754438,      -3.433158547,      -3.494881684,      -2.218031748,      -10.35414096
          0,           0,         215,      -4.262008665,      -3.431901099,      -3.495841266,      -2.217225765,       -10.3521412
          0,           0,         216,      -4.261112912,      -3.430681186,      -3.496960182,       -2.21628185,      -10.35027628
          0,           0,         217,      -4.260078983,      -3.429506369,      -3.498188683,      -2.215212426,      -10.34848628
          0,           0,         218,      -4.258925004,      -3.428383172,      -3.499475936,      -2.214035974,      -10.34672309
          0,           0,         219,      -4.257674114,      -3.427317241,      -3.500771413,      -2.212775785,      -10.34495118
          0,           0,         220,      -4.256353623,      -3.426312355,      -3.502027441,      -2.211459165,       -10.3432647
          0,           0,         221,      -4.254993603,      -3.425371699,       -3.50320032,      -2.210116093,      -10.34173203
          0,           0,         222,      -4.253625903,      -3.424497269,      -3.504254406,      -2.208778321,      -10.34018473
          0,           0,         223,      -4.252282844,      -3.423690115,      -3.505162092,      -2.207478009,      -10.33867835
          0,           0,         224,      -4.250996158,      -3.422950888,      -3.505904745,      -2.206246672,      -10.33728491
          0,           0,         225,      -4.249796259,      -3.422280923,      -3.506473745,       -2.20511455,      -10.33594101
          0,           0,         226,      -4.248711616,      -3.421682468,      -3.506870949,      -2.204110021,       -10.3346756
          0,           0,         227,      -4.247768155,      -3.421158722,      -3.507109204,      -2.203258986,      -10.33343109
          0,           0,         228,      -4.246989042,       -3.42071456,      -3.507209903,       -2.20258457,      -10.33216951
          0,           0,         229,      -4.246394307,      -3.420357206,      -3.507201267,      -2.202106694,      -10.33085936
          0,           0,         230,      -4.246000939,      -3.420096523,      -3.507116443,      -2.201842296,      -10.32951606
          0,           0,         231,      -4.245822972,      -3.419944856,      -3.506992583,      -2.201805424,      -10.32811934
          0,           0,         232,      -4.245871457,      -3.419915195,      -3.506868129,      -2.202006973,       -10.3267353
          0,           0,         233,       -4.24615465,      -3.420022989,      -3.506779791,      -2.202454898,      -10.32529899
          0,           0,         234,      -4.246678219,      -3.420284868,      -3.506760489,      -2.203154417,      -10.32373678
          0,           0,         235,      -4.247445606,      -3.420718188,      -3.506838379,      -2.204108375,      -10.32211053
          0,           0,         236,      -4.248458292,      -3.421339354,      -3.507035728,      -2.205317428,       -10.3204706
          0,           0,         237,      -4.249716014,       -3.42216357,      -3.507367991,      -2.206780196,      -10.31881377
          0,           0,         238,      -4.251216931,      -3.423203335,      -3.507843098,       -2.20849336,      -10.31711993
          0,           0,         239,      -4.252957904,       -3.42446832,      -3.508461202,      -2.210451905,      -10.31533861
          0,           0,         240,      -4.254934699,      -3.425964405,      -3.509215426,      -2.212649376,      -10.31350511
          0,           0,         241,      -4.257142386,      -3.427693648,      -3.510093489,      -2.215078333,      -10.31168029
          0,           0,         242,      -4.259575129,      -3.429652607,      -3.511079215,      -2.217730066,      -10.30980315
          0,           0,         243,      -4.262226007,      -3.431831821,      -3.512154057,      -2.220594348,      -10.30792815
          0,           0,         244,      -4.265086825,      -3.434215224,        -3.5132984,      -2.223659283,      -10.30608472
          0,           0,         245,      -4.268147824,      -3.436781697,      -3.514493339,      -2.226911195,      -10.30424967
          0,           0,         246,      -4.271397419,      -3.439506418,      -3.515723567,      -2.230334536,      -10.30237939
          0,           0,         247,      -4.274821461,      -3.442359044,      -3.516979449,      -2.233911056,      -10.30051955
          0,           0,         248,      -4.278402389,      -3.445304064,      -3.518258408,      -2.237619048,      -10.29872409
          0,           0,         249,      -4.282118501,       -3.44830242,       -3.51956511,      -2.241432819,      -10.29699372
          0,           0,         250,      -4.285942874,      -3.451312986,      -3.520912201,      -2.245321769,      -10.29533447
          0,           0,         251,       -4.28984282,      -3.454293943,       -3.52231973,      -2.249249939,      -10.29370269
          0,           0,         252,      -4.293779248,      -3.457205304,      -3.523814263,      -2.253175699,       -10.2921205
          0,           0,         253,      -4.297706515,      -3.460007091,       -3.52542771,      -2.257051752,      -10.29057774
          0,           0,         254,      -4.301572159,      -3.462661404,      -3.527194112,      -2.260824996,      -10.28909953
          0,           0,         255,      -4.305317795,      -3.465135678,      -3.529147704,      -2.264437696,      -10.28768541
          0,           0,         256,      -4.308880628,      -3.467401074,      -3.531319108,      -2.267829114,        -10.286299
          0,           0,         257,      -4.312195408,      -3.469431847,      -3.533732594,      -2.270937581,      -10.28489309
          0,           0,         258,      -4.315197774,       -3.47120883,       -3.53640245,      -2.273704004,      -10.28350987
          0,           0,         259,      -4.317827985,      -3.472720217,      -3.539331394,      -2.276075517,      -10.28217932
          0,           0,         260,      -4.320034154,      -3.473956675,        -3.5425074,      -2.278008428,       -10.2808711
          0,           0,         261,      -4.321776794,      -3.474914247,      -3.545900018,      -2.279472566,      -10.27953497
          0,           0,         262,      -4.323033636,      -3.475593012,      -3.549461807,      -2.280455551,      -10.27819559
          0,           0,         263,      -4.323802659,      -3.475998173,      -3.553126562,      -2.280965243,      -10.27682854
          0,           0,         264,      -4.324103283,      -3.476136129,       -3.55681151,      -2.281030274,      -10.27542309
          0,           0,         265,      -4.323977661,      -3.476017636,        -3.5604196,      -2.280700938,      -10.27399527
          0,           0,         266,      -4.323490107,       -3.47565663,      -3.563844154,       -2.28004814,      -10.27259027
          0,           0,         267,      -4.322724569,      -3.475069221,      -3.566974634,      -2.279160472,      -10.27118668
          0,           0,         268,      -4.321781398,      -3.474276085,      -3.569704329,      -2.278140935,      -10.26976554
          0,           0,         269,       -4.32077316,      -3.473301211,      -3.571938647,      -2.277102838,      -10.26836684
          0,           0,         270,      -4.319819957,      -3.472171931,      -3.573602986,      -2.276165257,      -10.26702044
          0,           0,         271,      -4.319044714,      -3.470919277,      -3.574649624,      -2.275448584,       -10.2657415
          0,           0,         272,      -4.318568871,       -3.46958003,      -3.575063389,      -2.275070536,      -10.26459539
          0,           0,         273,      -4.318508526,      -3.468193346,      -3.574865632,      -2.275142609,      -10.26355543
          0,           0,         274,       -4.31897134,      -3.466801287,      -3.574112606,      -2.275767259,      -10.26263146
          0,           0,         275,      -4.320054026,       -3.46545069,      -3.572893125,      -2.277035752,       -10.2618738
          0,           0,         276,      -4.321840661,      -3.464190856,      -3.571323277,      -2.279026463,      -10.26124959
          0,           0,         277,      -4.324400196,      -3.463073201,      -3.569539488,      -2.281802518,      -10.26074529
          0,           0,         278,        -4.3277853,      -3.462148378,       -3.56769026,      -2.285410657,      -10.26040131
          0,           0,         279,      -4.332031546,      -3.461467418,      -3.565927365,      -2.289880459,      -10.26016114
          0,           0,         280,      -4.337155902,      -3.461080465,      -3.564398925,      -2.295222686,      -10.26000871
          0,           0,         281,      -4.343155715,      -3.461036361,       -3.56324371,      -2.301428267,      -10.25998201
          0,           0,         282,      -4.350007046,      -3.461378995,      -3.562587407,      -2.308466525,      -10.25999646
          0,           0,         283,       -4.35766303,      -3.462147718,      -3.562538524,      -2.316283538,      -10.26000388
          0,           0,         284,       -4.36605202,      -3.463377739,      -3.563186442,      -2.324800203,      -10.26001828
          0,           0,         285,      -4.375075889,      -3.465097973,      -3.564600487,      -2.333910605,      -10.26002047
          0,           0,         286,      -4.384608655,      -3.467330784,      -3.566829875,      -2.343480864,      -10.25999721
          0,           0,         287,      -4.394495559,      -3.470089248,       -3.56990344,      -2.353348515,       -10.2598609
          0,           0,         288,       -4.40455387,      -3.473379581,      -3.573828404,      -2.363324001,      -10.25965887
          0,           0,         289,      -4.414575233,      -3.477198631,      -3.578592024,      -2.373193631,      -10.25936964
          0,           0,         290,       -4.42433128,      -3.481534238,        -3.5841609,         -2.382726,      -10.25895618
          0,           0,         291,      -4.433581473,      -3.486363462,      -3.590482017,      -2.391680905,       -10.2584848
          0,           0,         292,      -4.442082234,      -3.491652432,      -3.597476606,      -2.399819539,      -10.25793824
          0,           0,         293,      -4.449607296,      -3.497356685,      -3.605045981,      -2.406925212,      -10.25727689
          0,           0,         294,      -4.455962345,      -3.503421048,      -3.613071103,      -2.412817926,      -10.25653098
          0,           0,         295,      -4.461001469,      -3.509778795,      -3.621414012,      -2.417369949,      -10.25570906
          0,           0,         296,      -4.464640428,      -3.516351707,      -3.629920403,      -2.420517532,       -10.2548713
          0,           0,         297,      -4.466864725,      -3.523050649,      -3.638422701,      -2.422266989,      -10.25395375
          0,           0,         298,      -4.467730743,       -3.52977694,      -3.646745352,      -2.422693715,       -10.2529676
          0,           0,         299,      -4.467359279,      -3.536425974,      -3.654711045,      -2.421933825,      -10.25195729
          0,           0,         300,      -4.465922912,      -3.542885202,      -3.662149171,      -2.420170172,      -10.25092485
          0,           0,         301,      -4.463630294,      -3.549041029,       -3.66890361,      -2.417616626,      -10.24985439
          0,           0,         302,      -4.460710455,      -3.554784908,      -3.674841171,       -2.41450304,      -10.24875142
          0,           0,         303,      -4.457396602,      -3.560011856,      -3.679861115,      -2.411059487,      -10.24762274
          0,           0,         304,      -4.453913249,      -3.564627622,      -3.683899848,       -2.40750444,      -10.24652571
          0,           0,         305,      -4.450467841,      -3.568554291,      -3.686934047,      -2.404037705,       -10.2453579
          0,           0,         306,      -4.447245099,      -3.571735319,       -3.68898083,        -2.4008357,      -10.24419584
          0,           0,         307,      -4.444404016,      -3.574133452,      -3.690095564,       -2.39804889,      -10.24304843
          0,           0,         308,      -4.442077579,      -3.575737683,      -3.690363884,      -2.395802176,      -10.24194708
          0,           0,         309,      -4.440373704,      -3.576560174,      -3.689895544,      -2.394196018,       -10.2408284
          0,           0,         310,      -4.439377507,       -3.57664031,      -3.688816328,      -2.393309105,       -10.2396883
          0,           0,         311,      -4.439152647,      -3.576035956,      -3.687260315,        -2.3931993,      -10.23860201
          0,           0,         312,      -4.439743544,      -3.574823611,      -3.685361844,      -2.393905993,          -10.2376
          0,           0,         313,      -4.441177285,      -3.573088662,       -3.68325057,      -2.395451726,      -10.23662532
          0,           0,         314,      -4.443465904,      -3.570925609,      -3.681045297,       -2.39784456,      -10.23567425
          0,           0,         315,      -4.446607738,      -3.568434039,      -3.678851685,      -2.401079411,      -10.23474994
          0,           0,         316,      -4.450588517,       -3.56571293,      -3.676763015,      -2.405138988,      -10.23390137
          0,           0,         317,      -4.455382134,      -3.562858729,       -3.67485867,      -2.409994526,      -10.23307003
          0,           0,         318,      -4.460951059,      -3.559961957,      -3.673204822,      -2.415606087,      -10.23227885
          0,           0,         319,      -4.467246342,      -3.557103811,      -3.671855121,      -2.421922573,      -10.23149104
          0,           0,         320,      -4.474207925,      -3.554356886,      -3.670851662,      -2.428882055,      -10.23074038
          0,           0,         321,       -4.48176487,      -3.551785683,      -3.670225975,      -2.436412114,      -10.22999066
          0,           0,         322,      -4.489834683,      -3.549444353,      -3.670001364,       -2.44442917,      -10.22924547
          0,           0,         323,      -4.498323643,      -3.547377693,      -3.670193373,      -2.452838946,      -10.22851412
          0,           0,         324,      -4.507127972,      -3.545623747,      -3.670810701,      -2.461538031,      -10.22777517
          0,           0,         325,      -4.516133522,      -3.544209983,      -3.671857434,      -2.470413384,      -10.22702928
          0,           0,         326,      -4.525217264,      -3.543157107,      -3.673332379,      -2.479344152,      -10.22626825
          0,           0,         327,      -4.534249768,      -3.542478981,      -3.675230089,      -2.488204186,       -10.2254767
          0,           0,         328,      -4.543097684,       -3.54218426,      -3.677541013,      -2.496864802,      -10.22471561
          0,           0,         329,      -4.551627858,      -3.542274966,      -3.680253479,      -2.505198878,      -10.22390773
          0,           0,         330,      -4.559711093,      -3.542748136,      -3.683352342,      -2.513084447,      -10.22305115
          0,           0,         331,      -4.567227031,      -3.543597056,      -3.686819485,      -2.520409276,      -10.22220248
          0,           0,         332,      -4.574070017,       -3.54481219,      -3.690634058,       -2.52707653,      -10.22134719
          0,           0,         333,      -4.580153316,      -3.546379265,      -3.694772923,      -2.533008285,      -10.22047836
          0,           0,         334,       -4.58541398,      -3.548282609,      -3.699209818,      -2.538149997,       -10.2196101
          0,           0,         335,      -4.589815174,      -3.550503577,      -3.703915866,      -2.542472084,      -10.21872155
          0,           0,         336,      -4.593347779,      -3.553022778,      -3.708859593,       -2.54597113,      -10.21784223
          0,           0,         337,       -4.59603041,      -3.555818528,      -3.714007043,      -2.548669415,      -10.21698817
          0,           0,         338,      -4.597906165,       -3.55886768,      -3.719321904,      -2.550611428,      -10.21612909
          0,           0,         339,      -4.599040368,      -3.562147408,       -3.72476512,      -2.551861829,      -10.21526849
          0,           0,         340,      -4.599515154,      -3.565634571,       -3.73029603,      -2.552500021,      -10.21441652
          0,           0,         341,      -4.599424925,      -3.569304295,      -3.735872851,      -2.552615861,      -10.21360635
          0,           0,         342,      -4.598871057,      -3.573132347,      -3.741452799,      -2.552304969,      -10.21280418
          0,           0,         343,      -4.597956953,      -3.577096042,       -3.74699218,      -2.551664225,      -10.21197526
          0,           0,         344,      -4.596784543,      -3.581171762,      -3.752448941,      -2.550788314,       -10.2111667
          0,           0,         345,      -4.595451119,      -3.585336708,       -3.75778264,      -2.549767144,      -10.21034875
          0,           0,         346,      -4.594046563,      -3.589567973,      -3.762955879,      -2.548683392,      -10.20953569
          0,           0,         347,      -4.592652246,       -3.59384513,      -3.767934276,      -2.547611613,      -10.20870048
          0,           0,         348,      -4.591340553,      -3.598147688,      -3.772689054,      -2.546617707,      -10.20784001
          0,           0,         349,      -4.590174429,      -3.602455832,      -3.777197131,      -2.545758544,      -10.20698287
          0,           0,         350,      -4.589207214,      -3.606750484,      -3.781442256,      -2.545081971,      -10.20612487
          0,           0,         351,       -4.58848398,      -3.611013385,      -3.785414956,      -2.544628217,      -10.20527754
          0,           0,         352,      -4.588041888,      -3.615226778,      -3.789113412,      -2.544430057,      -10.20441243
          0,           0,         353,      -4.587910745,      -3.619374073,       -3.79254343,      -2.544513472,      -10.20356689
          0,           0,         354,      -4.588113355,      -3.623436628,      -3.795717199,      -2.544897626,      -10.20275012
          0,           0,         355,      -4.588667711,       -3.62739913,      -3.798653105,      -2.545597672,       -10.2019695
          0,           0,         356,       -4.58958741,      -3.631245931,      -3.801375166,      -2.546624923,      -10.20119655
          0,           0,         357,      -4.590882077,      -3.634962583,      -3.803912624,      -2.547987347,      -10.20044176
          0,           0,         358,      -4.592557522,      -3.638532467,      -3.806298845,      -2.549689379,      -10.19971998
          0,           0,         359,      -4.594616772,      -3.641941143,      -3.808568022,      -2.551733127,      -10.19901958
          0,           0,         360,      -4.597061416,       -3.64517586,      -3.810755094,      -2.554119951,      -10.19836289
          0,           0,         361,      -4.599890383,      -3.648221592,      -3.812895599,      -2.556848916,      -10.19770601
          0,           0,         362,      -4.603100977,      -3.651065277,      -3.815022494,      -2.559918086,       -10.1970911
          0,           0,         363,      -4.606689741,      -3.653695405,      -3.817166472,      -2.563325415,      -10.19649237
          0,           0,         364,      -4.610652228,       -3.65610225,       -3.81935474,      -2.567068454,      -10.19593122
          0,           0,         365,      -4.614983364,      -3.658278748,      -3.821611099,       -2.57114487,      -10.19538612
          0,           0,         366,      -4.619676384,      -3.660216916,      -3.823956167,      -2.575551056,      -10.19484669
          0,           0,         367,      -4.624723232,      -3.661912381,      -3.826405249,      -2.580282638,      -10.19433736
          0,           0,         368,      -4.630115512,      -3.663364221,      -3.828967322,      -2.585335492,      -10.19383967
          0,           0,         369,      -4.635843893,      -3.664574042,      -3.831646927,      -2.590705265,      -10.19336932
          0,           0,         370,      -4.641897299,      -3.665544781,       -3.83444471,      -2.596386313,      -10.19289169
          0,           0,         371,      -4.648262879,      -3.666283483,      -3.837356885,      -2.602371767,      -10.19241011
          0,           0,         372,      -4.654926034,      -3.666800148,      -3.840374447,       -2.60865338,      -10.19197128
          0,           0,         373,      -4.661870931,      -3.667109281,      -3.843484989,      -2.615222257,      -10.19154898
          0,           0,         374,      -4.669079331,      -3.667228556,      -3.846672909,      -2.622067621,       -10.1911163
          0,           0,         375,      -4.676530295,      -3.667177435,      -3.849921892,       -2.62917638,      -10.19067997
          0,           0,         376,      -4.684199847,      -3.666978237,      -3.853213919,      -2.636532449,      -10.19022964
          0,           0,         377,      -4.692061057,      -3.666656132,      -3.856529337,      -2.644116934,      -10.18979204
          0,           0,         378,      -4.700084144,       -3.66623782,      -3.859848693,      -2.651908158,      -10.18934654
          0,           0,         379,      -4.708235627,      -3.665752469,      -3.863153597,      -2.659880737,      -10.18889205
          0,           0,         380,      -4.716478749,      -3.665229277,      -3.866428591,      -2.668005706,      -10.18842463
          0,           0,         381,      -4.724772854,      -3.664698894,      -3.869660274,      -2.676249571,      -10.18794046
          0,           0,         382,      -4.733074742,      -3.664193648,      -3.872838694,      -2.684575747,      -10.18746527
          0,           0,         383,      -4.741337339,      -3.663742439,      -3.875959211,      -2.692942228,        -10.186947
          0,           0,         384,      -4.749511276,      -3.663376049,      -3.879019526,      -2.701303699,      -10.18641257
          0,           0,         385,      -4.757544853,      -3.663123289,      -3.882022935,      -2.709610581,      -10.18586404
          0,           0,         386,      -4.765386998,      -3.663014352,      -3.884976631,      -2.717812245,      -10.18528842
          0,           0,         387,      -4.772984991,       -3.66307484,      -3.887894157,      -2.725853625,      -10.18470073
          0,           0,         388,      -4.780287689,      -3.663329457,      -3.890792818,      -2.733678731,      -10.18406826
          0,           0,         389,      -4.787246272,      -3.663801179,      -3.893693712,      -2.741231234,      -10.18341746
          0,           0,         390,       -4.79381628,      -3.664511251,      -3.896620419,      -2.748456323,      -10.18275761
          0,           0,         391,      -4.799958894,      -3.665478907,      -3.899599985,      -2.755302241,      -10.18205036
          0,           0,         392,      -4.805642056,      -3.666720151,      -3.902662455,      -2.761721717,      -10.18133559
          0,           0,         393,      -4.810841358,      -3.668248031,      -3.905838877,      -2.767673143,      -10.18059249
          0,           0,         394,      -4.815541148,      -3.670073514,      -3.909160263,      -2.773122315,      -10.17981153
          0,           0,         395,      -4.819735668,      -3.672205147,      -3.912657414,      -2.778044454,      -10.17900301
          0,           0,         396,      -4.823429044,      -3.674647342,      -3.916360679,      -2.782424894,      -10.17815473
          0,           0,         397,      -4.826634893,      -3.677401974,      -3.920299422,      -2.786259838,      -10.17727544
          0,           0,         398,      -4.829375898,      -3.680467887,      -3.924500927,      -2.789556282,      -10.17632223
          0,           0,         399,      -4.831682839,      -3.683840769,      -3.928989271,       -2.79233172,      -10.17533505
          0,           0,         400,      -4.833593957,      -3.687513653,      -3.933786041,      -2.794614318,      -10.17429935
          0,           0,         401,         -4.835153,      -3.691474647,      -3.938909774,      -2.796440716,      -10.17317469
          0,           0,         402,      -4.836408006,      -3.695708839,      -3.944374841,      -2.797855145,       -10.1720095
          0,           0,         403,      -4.837409942,      -3.700197622,      -3.950190826,      -2.798907752,      -10.17076509
          0,           0,         404,      -4.838211275,      -3.704918516,      -3.956362238,      -2.799653151,       -10.1694666
          0,           0,         405,       -4.83886519,      -3.709845737,      -3.962888294,      -2.800149408,      -10.16812499
          0,           0,         406,      -4.839424142,      -3.714949578,       -3.96976279,      -2.800455707,      -10.16671992
          0,           0,         407,      -4.839938326,       -3.72019607,      -3.976973362,      -2.800630374,      -10.16527287
          0,           0,         408,      -4.840455976,      -3.725547648,      -3.984500219,      -2.800731152,      -10.16377724
          0,           0,         409,      -4.841022276,      -3.730963529,      -3.992316121,      -2.800813414,      -10.16225582
          0,           0,         410,      -4.841679609,      -3.736400759,      -4.000385696,      -2.800930176,      -10.16071626
          0,           0,         411,      -4.842466457,      -3.741812945,      -4.008666085,      -2.801130521,      -10.15913825
          0,           0,         412,      -4.843418445,      -3.747152177,      -4.017105052,      -2.801460572,      -10.15756037
          0,           0,         413,      -4.844567095,      -3.752369367,       -4.02564168,      -2.801961933,      -10.15594891
          0,           0,         414,      -4.845940832,      -3.757415023,      -4.034206188,       -2.80267257,      -10.15433101
          0,           0,         415,       -4.84756421,      -3.762240412,      -4.042720451,      -2.803626026,       -10.1527144
          0,           0,         416,      -4.849459406,      -3.766799374,      -4.051098437,      -2.804852869,        -10.151087
          0,           0,         417,      -4.851645332,      -3.771048497,      -4.059248475,      -2.806379655,      -10.14947419
          0,           0,         418,      -4.854137936,      -3.774949207,      -4.067074832,      -2.808229268,      -10.14785693
          0,           0,         419,      -4.856950647,      -3.778467758,      -4.074480161,      -2.810421291,      -10.14625048
          0,           0,         420,      -4.860094855,      -3.781577373,      -4.081368772,      -2.812972831,      -10.14465327
          0,           0,         421,      -4.863579556,      -3.784259396,      -4.087650064,      -2.815898007,      -10.14305717
          0,           0,         422,        -4.8674118,      -3.786503405,      -4.093243627,      -2.819208283,      -10.14149415
          0,           0,         423,      -4.871596231,      -3.788306572,      -4.098083425,      -2.822912027,      -10.13994354
          0,           0,         424,      -4.876135494,      -3.789674531,      -4.102120112,       -2.82701522,      -10.13840916
          0,           0,         425,      -4.881030719,      -3.790621838,      -4.105323696,      -2.831521918,      -10.13689126
          0,           0,         426,      -4.886280707,      -3.791169973,      -4.107686415,      -2.836433205,      -10.13538166
          0,           0,         427,       -4.89188219,      -3.791346425,      -4.109222506,      -2.841747582,      -10.13390181
          0,           0,         428,      -4.897830369,      -3.791185103,      -4.109967195,       -2.84746165,      -10.13243009
          0,           0,         429,      -4.904117882,      -3.790724088,      -4.109975986,      -2.853569136,      -10.13096974
          0,           0,         430,      -4.910735313,      -3.790005055,      -4.109320577,      -2.860061324,       -10.1295383
          0,           0,         431,      -4.917670461,      -3.789071315,       -4.10808633,      -2.866926238,      -10.12812066
          0,           0,         432,      -4.924908106,      -3.787966829,      -4.106366531,       -2.87414846,      -10.12672792
          0,           0,         433,      -4.932429476,      -3.786735586,      -4.104259175,      -2.881708557,      -10.12535679
          0,           0,         434,      -4.940212931,      -3.785420188,      -4.101863793,      -2.889583858,      -10.12402226
          0,           0,         435,      -4.948231726,      -3.784062107,      -4.099277602,      -2.897746201,      -10.12272899
          0,           0,         436,      -4.956455766,      -3.782700958,      -4.096594465,      -2.906163714,      -10.12146511
