"Time_Iter","Inner_Iter",    "rms[Rho]"    ,    "rms[RhoU]"   ,    "rms[RhoV]"   ,    "rms[RhoE]"   ,     "rms[nu]"    ,    "RefForce"    ,       "CD"       ,       "CL"       ,       "CSF"      ,       "CMx"      ,       "CMy"      ,       "CMz"      ,       "CFx"      ,       "CFy"      ,       "CFz"      ,      "CEff"      ,     "Buffet"     ,   "relrms[Rho]"  ,  "relrms[RhoU]"  ,  "relrms[RhoV]"  ,  "relrms[RhoE]"  ,   "relrms[nu]"   , "tavg[RefForce]" ,    "tavg[CD]"    ,    "tavg[CL]"    ,    "tavg[CSF]"   ,    "tavg[CMx]"   ,    "tavg[CMy]"   ,    "tavg[CMz]"   ,    "tavg[CFx]"   ,    "tavg[CFy]"   ,    "tavg[CFz]"   ,   "tavg[CEff]"   ,  "tavg[Buffet]"  ,"Cauchy[tavg[CD]]","Cauchy[tavg[CL]]"
        499,           9,      -7.954910668,      -4.069151116,      -3.398542404,      -2.198984166,      -2.612234421,      0.9329898399,      0.3023438493,       0.618348503,                 0,                 0,                 0,     0.01624109166,      0.1083452551,      0.6797264009,                 0,       2.045183008,      0.8741784817,       -2.65508653,      -1.504404214,     -0.9761279922,      -2.389487645,      -1.552770658,                 0,                 0,                 0,                 0,                 0,                 0,                 0,                 0,                 0,                 0,                 0,                 0,                 0,                 0
        500,           9,       -7.81682216,      -3.908615192,       -3.24318228,      -2.046217465,      -2.497861599,      0.9329898399,       0.303739973,      0.6287990759,                 0,                 0,                 0,     0.02093463016,       0.106624923,      0.6901285205,                 0,       2.070188753,      0.8741784817,      -2.518110914,       -1.34273457,     -0.8177791281,      -2.237796139,      -1.437054295,                 0,                 0,                 0,                 0,                 0,                 0,                 0,                 0,                 0,                 0,                 0,                 0,                 1,                 1
        501,           9,      -7.793504063,      -3.803844643,      -3.251408293,      -1.872761543,      -2.412569336,      0.9329898399,      0.3054168407,      0.6437853035,                 0,                 0,                 0,     0.02720709691,      0.1038469706,      0.7049501899,                 0,       2.107890652,      0.8821739831,      -2.496400064,      -1.238096876,     -0.8201126795,       -2.06612237,      -1.349452123,                 0,                 0,                 0,                 0,                 0,                 0,                 0,                 0,                 0,                 0,                 0,                 0,                 1,                 1
        502,           9,      -7.856779898,      -3.745615114,      -3.378250328,      -1.757172109,      -2.348232404,      0.9329898399,      0.3074525597,      0.6607963105,                 0,                 0,                 0,     0.03409279569,      0.1008202013,      0.7218130834,                 0,       2.149262674,      0.8821739831,      -2.559284928,      -1.181442439,     -0.9403174081,      -1.950791585,      -1.283986561,      0.8293243022,      0.2714816361,      0.5722536031,                 0,                 0,                 0,     0.02418408614,     0.09230841833,       0.626622391,                 0,        1.87368058,      0.7841546517,                 1,                 1
        503,           9,      -7.806033639,      -3.716307678,      -3.400334334,      -1.693076585,      -2.308348162,      0.9329898399,      0.3107224474,      0.6825227155,                 0,                 0,                 0,     0.04306410545,     0.09759502442,      0.7435461705,                 0,       2.196567133,      0.8990150711,      -2.506991481,       -1.15342617,     -0.9577234625,        -1.8858542,      -1.243758611,      0.6997423799,      0.2298260251,      0.4892181052,                 0,                 0,                 0,     0.02298745973,     0.07675018947,      0.5350362275,                 0,       1.596432497,      0.6616304874,                 1,                 1
        504,           9,      -7.930026815,      -3.704827987,      -3.327765237,      -1.689631051,      -2.254643056,      0.9329898399,      0.3144875629,      0.7056418601,                 0,                 0,                 0,     0.05225923025,      0.0944362385,      0.7667559317,                 0,       2.243783041,      0.8431579859,      -2.630219208,      -1.141586121,     -0.8835467699,       -1.88188621,      -1.188939943,      0.7463918719,      0.2461266036,      0.5292657681,                 0,                 0,                 0,     0.02755231802,      0.0806297067,      0.5780998259,                 0,       1.720201131,      0.7079846649,                 1,                 1
        505,           9,      -7.574104566,      -3.671188408,       -3.15670874,      -1.688630274,      -2.208641155,      0.9329898399,      0.3195444283,      0.7335758569,                 0,                 0,                 0,     0.06399376443,      0.0911050327,        0.79494783,                 0,       2.295692842,      0.8055498064,      -2.274994125,      -1.105235329,     -0.7130847059,      -1.881650217,      -1.141980546,      0.7774915333,      0.2576646656,      0.5600403026,                 0,                 0,                 0,     0.03227122579,     0.08266600712,      0.6109030624,                 0,       1.811072442,      0.7391988409,                 1,                 1
        506,           9,      -7.640075565,      -3.658445499,      -3.003656858,      -1.691625483,      -2.187713434,      0.9329898399,      0.3273813333,      0.7658765084,                 0,                 0,                 0,     0.07742273581,      0.0891557057,       0.828128386,                 0,       2.339401885,      0.7920161311,      -2.342251076,      -1.089193527,     -0.5637181101,       -1.88535677,      -1.119887398,      0.7997055771,      0.2665233698,      0.5856111463,                 0,                 0,                 0,     0.03708082814,     0.08366143695,      0.6379466163,                 0,       1.883001644,      0.7523798249,                 1,                 1
        507,           9,      -7.704442498,       -3.67374399,      -2.996805988,      -1.726085759,      -2.181284296,      0.9329898399,      0.3338488448,      0.7964784881,                 0,                 0,                 0,     0.08901236219,     0.08639346468,      0.8592841221,                 0,       2.385745827,       0.802365704,      -2.406980217,      -1.102473054,     -0.5537530187,      -1.920133031,       -1.11042737,      0.8163661099,      0.2738415827,      0.6083490893,                 0,                 0,                 0,     0.04215804986,     0.08401194762,      0.6618306577,                 0,       1.943308793,      0.7546161445,                 1,                 1
        508,           9,      -7.503366399,      -3.619963899,      -2.837529221,      -1.686081771,      -2.166393191,      0.9329898399,      0.3401583857,      0.8266612521,                 0,                 0,                 0,      0.1000634252,     0.08360272251,       0.889992774,                 0,       2.430224527,      0.7802397749,      -2.205152168,      -1.049146346,     -0.3943985319,      -1.880084528,      -1.093494056,      0.8293243022,       0.280322722,      0.6296006685,                 0,                 0,                 0,     0.04759348165,     0.08399653155,      0.6840485457,                 0,       1.995607017,      0.7525036148,                 1,                 1
        509,           9,      -7.560020872,      -3.628466218,      -2.846332186,      -1.664046907,      -2.144770226,      0.9329898399,       0.345958641,      0.8554511494,                 0,                 0,                 0,      0.1103165737,     0.08073218287,      0.9192205203,                 0,       2.472697739,      0.7871898061,      -2.261887546,      -1.059797375,      -0.410402158,      -1.858727837,      -1.071319445,      0.8396908559,      0.2862982174,      0.6499611805,                 0,                 0,                 0,     0.05330106436,     0.08375808854,       0.705266466,                 0,        2.04202978,      0.7499482361,                 1,                 1
        510,           9,      -7.432575687,      -3.610759196,      -2.876858548,      -1.678572683,      -2.234597593,      0.9329898399,      0.3536535251,      0.8878496723,                 0,                 0,                 0,      0.1234248926,     0.07861842578,      0.9524531482,                 0,       2.510507062,       0.759212092,      -2.133636516,      -1.043425426,     -0.4206332306,      -1.873236371,      -1.161230507,      0.8481725818,      0.2918894303,      0.6696422894,                 0,                 0,                 0,     0.05913643633,     0.08335079267,      0.7257223164,                 0,       2.084056613,      0.7480822114,     0.03752006523,     0.08357132851
        511,           9,      -7.492296893,      -3.601177623,      -2.897135639,       -1.67499923,      -2.253956962,      0.9329898399,      0.3581265146,      0.9133358835,                 0,                 0,                 0,      0.1324117676,     0.07544451987,      0.9781335087,                 0,       2.550316289,      0.7938107663,      -2.193726231,      -1.033853179,     -0.4463447485,      -1.870146965,      -1.180077238,      0.8552406866,      0.2971491092,      0.6887243125,                 0,                 0,                 0,     0.06498761104,     0.08280160499,      0.7455083272,                 0,       2.122696957,      0.7468605167,     0.03804603312,     0.08547953082
        512,           9,      -7.712299145,      -3.649029616,      -3.180116019,      -1.708171357,      -2.243364242,      0.9329898399,      0.3623883522,      0.9352697078,                 0,                 0,                 0,      0.1392111873,     0.07310730588,        1.00035497,                 0,       2.580849252,      0.7593783731,      -2.414352366,      -1.079793191,     -0.7217869119,      -1.903715691,      -1.169406942,      0.8612213907,      0.3021279471,      0.7072820222,                 0,                 0,                 0,     0.07081113619,     0.08213714219,      0.7647108245,                 0,       2.158612832,      0.7459583054,      0.0113957533,     0.03010994148
        513,           9,      -7.872006827,      -3.647788045,      -3.234066222,      -1.725151582,      -2.221672661,      0.9329898399,      0.3647155027,      0.9507191929,                 0,                 0,                 0,      0.1429166775,     0.07081577865,       1.015809779,                 0,       2.606741929,      0.7593783731,      -2.577734635,      -1.075265518,     -0.7575522917,      -1.924724046,      -1.147403317,      0.8663477085,       0.306867469,      0.7253708565,                 0,                 0,                 0,     0.07659262145,     0.08138090617,       0.783394965,                 0,       2.192257751,      0.7452464142,    0.007704144386,     0.02361527513
        514,           9,      -7.924691489,      -3.638618946,      -3.170055025,       -1.73784407,      -2.204892878,      0.9329898399,        0.36725274,      0.9624514393,                 0,                 0,                 0,      0.1452619705,     0.06981197387,       1.027771198,                 0,       2.620678717,      0.7573435778,      -2.630415919,      -1.063833862,     -0.6942936111,      -1.937738275,      -1.130034974,      0.8707905173,      0.3113847458,      0.7429859482,                 0,                 0,                 0,     0.08229945578,     0.08055064508,      0.8015610848,                 0,       2.223944048,      0.7447119594,    0.006525814223,     0.02137201801
        515,           9,       -7.77860319,      -3.647085129,      -3.112115724,      -1.796966071,      -2.284724739,      0.9329898399,      0.3697247009,      0.9712157301,                 0,                 0,                 0,      0.1464068351,     0.06961349117,       1.036875263,                 0,         2.6268619,      0.7621543397,      -2.481539089,       -1.07115563,     -0.6379306552,       -1.99395946,      -1.208558031,      0.8746779749,      0.3156765781,      0.7600627252,                 0,                 0,                 0,     0.08787227452,     0.07966217829,      0.8191464983,                 0,        2.25386282,      0.7442677005,    0.005801191253,     0.02000224226
        516,           9,      -7.694925844,      -3.641194656,      -2.982740607,      -1.842752345,       -2.29673728,      0.9329898399,      0.3708177612,      0.9729558521,                 0,                 0,                 0,      0.1441405465,     0.07015002751,        1.03885893,                 0,       2.623811354,      0.7575714867,      -2.397860163,      -1.064469557,     -0.5098903112,      -2.038675722,      -1.219984659,      0.8781080846,      0.3197309454,       0.776500766,                 0,                 0,                 0,     0.09323812189,     0.07873337106,      0.8360516571,                 0,       2.282100347,      0.7438189326,    0.005320757564,     0.01908896197
        517,           9,      -7.611280088,      -3.643716968,      -2.917860062,       -1.84295798,      -2.342254822,      0.9329898399,      0.3699639641,      0.9657507806,                 0,                 0,                 0,      0.1375833183,     0.07144009632,       1.031719059,                 0,       2.610391482,      0.7580018317,      -2.319042062,      -1.067484718,     -0.4471646736,      -2.042436703,      -1.265767987,       0.881157071,      0.3235381471,      0.7921929554,                 0,                 0,                 0,     0.09832706653,     0.07778626399,      0.8521712905,                 0,       2.308659523,      0.7433223629,    0.004969656443,     0.01838438662
        518,           9,       -7.58161044,      -3.644592004,      -2.895965366,      -1.834332877,       -2.35132037,      0.9329898399,      0.3670756498,      0.9498589234,                 0,                 0,                 0,      0.1272256263,     0.07332431702,       1.015677139,                 0,       2.587638063,      0.7580018317,      -2.292301164,      -1.071395814,     -0.4264021035,      -2.036609494,      -1.275529753,      0.8838851115,      0.3270943519,      0.8070403075,                 0,                 0,                 0,      0.1030792856,     0.07684613391,      0.8674096176,                 0,       2.333488236,      0.7427828638,    0.004677162988,      0.0177439639
        519,           9,      -7.573656758,      -3.645571306,      -2.914559204,      -1.791844194,      -2.300603909,      0.9329898399,      0.3617887291,      0.9243200926,                 0,                 0,                 0,      0.1134685847,      0.0757352411,      0.9897084881,                 0,       2.554861493,      0.7527281588,      -2.284216124,      -1.076202712,      -0.444529613,      -1.994923286,      -1.226316805,      0.8863403479,      0.3303987552,      0.8209503833,                 0,                 0,                 0,      0.1074426192,     0.07593923795,      0.8816780033,                 0,       2.356503441,       0.742226343,    0.004410053788,     0.01709892028
        520,           9,      -7.571649656,       -3.64639974,      -2.941868685,      -1.771251068,      -2.385190127,      0.9329898399,      0.3559848198,      0.8941713692,                 0,                 0,                 0,     0.09896142269,      0.0789995687,      0.9591802216,                 0,       2.511824436,      0.7495465141,      -2.282184408,      -1.079263404,     -0.4687267271,      -1.975401935,      -1.313071923,      0.8885617523,      0.3334491638,      0.8338302939,                 0,                 0,                 0,      0.1113677517,     0.07509063677,      0.8948869762,                 0,       2.377608325,      0.7416823297,    0.004155973357,     0.01641880045
        521,           9,      -7.564551876,        -3.6481021,      -2.965038642,      -1.776459845,      -2.340073929,      0.9329898399,      0.3477585038,      0.8570831013,                 0,                 0,                 0,      0.0832192398,     0.08197626373,      0.9213073926,                 0,        2.46459279,       0.745461462,      -2.275900889,      -1.081208794,     -0.4899058005,      -1.982043631,      -1.269516805,      0.8905812108,      0.3362389234,       0.845581946,                 0,                 0,                 0,      0.1148057527,     0.07432264654,      0.9069407837,                 0,        2.39670366,      0.7411723712,    0.003908981422,     0.01568576335
        522,           9,      -7.542969423,      -3.648959446,      -2.978152194,       -1.78611714,      -2.405891889,      0.9329898399,      0.3410293262,      0.8217506379,                 0,                 0,                 0,     0.07088707301,     0.08587133174,      0.8855513687,                 0,       2.409618689,      0.7363755914,      -2.254778755,       -1.08112414,     -0.5009532458,      -1.992442147,      -1.336472809,      0.8924250643,      0.3387565861,      0.8561033189,                 0,                 0,                 0,      0.1177095005,     0.07365414767,       0.917738516,                 0,       2.413694614,      0.7407047638,    0.003662863901,     0.01488212967
        523,           9,      -7.552044955,      -3.656385649,      -2.999185489,      -1.788185568,       -2.36074209,      0.9329898399,      0.3336568308,      0.7846537031,                 0,                 0,                 0,     0.05923575345,     0.08966707339,      0.8479198844,                 0,       2.351678823,      0.7312338332,       -2.26340339,      -1.087573069,     -0.5218424056,      -1.994215756,      -1.291791074,      0.8941152633,      0.3409873523,      0.8652943116,                 0,                 0,                 0,      0.1200375607,      0.0731002538,       0.927180119,                 0,       2.428496646,      0.7402754538,    0.003411988335,     0.01399234551
        524,           9,       -7.56548273,      -3.667301265,      -3.028681397,      -1.788381497,      -2.354052759,      0.9329898399,      0.3263760486,      0.7488749926,                 0,                 0,                 0,     0.04841425373,     0.09316510929,      0.8115758387,                 0,       2.294515777,      0.7061759947,      -2.275869699,       -1.09819317,      -0.550785698,      -1.993645955,      -1.286037484,      0.8956702463,      0.3429156651,      0.8730653152,                 0,                 0,                 0,      0.1217591624,     0.07267228688,      0.9351753508,                 0,         2.4410408,      0.7398700624,    0.003153091929,      0.0130079367
        525,           9,      -7.592687864,      -3.677976222,      -3.056984181,      -1.793520301,      -2.335882897,      0.9329898399,      0.3192447218,      0.7159489427,                 0,                 0,                 0,     0.03922425788,     0.09597203292,      0.7780035025,                 0,       2.242633609,      0.6591952245,      -2.302238507,      -1.109569135,     -0.5777153916,      -1.998262951,      -1.268846931,      0.8971056153,      0.3445281864,      0.8793460363,                 0,                 0,                 0,      0.1228584507,     0.07237804352,      0.9416530898,                 0,        2.45127769,      0.7394664401,    0.002885160829,     0.01192833111
        526,           9,      -7.635325165,      -3.699144466,      -3.105208674,      -1.792209187,      -2.333078099,      0.9329898399,      0.3136125503,      0.6880177971,                 0,                 0,                 0,     0.03201956696,      0.0987522372,      0.7496461275,                 0,       2.193846504,       0.681664919,      -2.344810663,      -1.132327944,     -0.6247685872,      -1.997090626,      -1.266527202,      0.8984346607,       0.345815933,      0.8840917619,                 0,                 0,                 0,      0.1233362068,     0.07222200582,      0.9465679505,                 0,       2.459181195,      0.7390337804,    0.002608498755,     0.01075909959
        527,           9,      -7.679935093,      -3.723768021,      -3.150769485,      -1.803392212,      -2.340572368,      0.9329898399,      0.3075316648,      0.6606622981,                 0,                 0,                 0,     0.02414822233,      0.1009350313,      0.7217080549,                 0,        2.14827406,      0.6628488128,      -2.390516777,       -1.15904839,     -0.6678615556,      -2.009252138,      -1.274386372,      0.8996687742,      0.3467753982,      0.8872867603,                 0,                 0,                 0,      0.1232092438,     0.07220541991,      0.9499038631,                 0,       2.464752311,      0.7385268686,    0.002323725111,    0.009509380485
        528,           9,      -7.901406435,      -3.796963211,      -3.341321948,      -1.800935143,       -2.36126087,      0.9329898399,      0.3079593193,      0.6452066913,                 0,                 0,                 0,     0.02217064008,      0.1058627814,      0.7070528186,                 0,       2.095103642,      0.6809545282,      -2.614084478,      -1.234370665,     -0.8559567105,      -2.008434745,       -1.29477317,      0.9008177765,      0.3474089746,      0.8889452583,                 0,                 0,                 0,      0.1225083707,      0.0723264141,      0.9516751325,                 0,       2.468022042,      0.7378912375,    0.002031462269,    0.008190495082
        529,           9,      -8.008424627,      -3.857499543,      -3.599836601,      -1.845221875,      -2.403767782,      0.9329898399,       0.306771442,      0.6308717817,                 0,                 0,                 0,       0.018881187,      0.1089179307,      0.6929969747,                 0,       2.056487976,      0.6809545282,      -2.724295319,      -1.297826058,       -1.10716253,       -2.05548153,      -1.337529712,      0.9018901786,      0.3477248374,      0.8891100545,                 0,                 0,                 0,      0.1212754304,      0.0725802934,      0.9519250772,                 0,       2.469051826,      0.7370751194,    0.001732608211,    0.006815967124
        530,           9,       -7.92180182,      -3.854586227,      -3.673780578,      -1.937170323,      -2.418797864,      0.9329898399,      0.3091109432,      0.6265603619,                 0,                 0,                 0,     0.02093248874,       0.112415744,      0.6895579474,                 0,       2.026975672,      0.6519382751,      -2.640545288,      -1.299437917,      -1.177018563,      -2.149854672,      -1.352706899,      0.9028933935,      0.3477369139,       0.887849947,                 0,                 0,                 0,      0.1195603912,     0.07296026208,      0.9507235612,                 0,       2.467930422,      0.7360392186,     0.00142877501,    0.005653986819
        531,           9,       -8.04313492,      -3.842025571,      -3.662523912,      -1.946421021,      -2.457596969,      0.9329898399,      0.3075398395,      0.6125901583,                 0,                 0,                 0,     0.01633800165,      0.1149977823,       0.675738829,                 0,       1.991905046,      0.6708065014,      -2.761627245,      -1.289443378,      -1.161050152,      -2.158453275,      -1.392711939,      0.9038339074,      0.3474648143,      0.8852565177,                 0,                 0,                 0,      0.1174188016,     0.07345829725,      0.9481638982,                 0,       2.464769248,      0.7347628364,    0.001177009018,    0.004738164538
        532,           9,      -8.025701362,      -3.838634906,      -3.666504667,      -1.943465742,      -2.385320299,      0.9329898399,      0.3090907653,      0.6077301794,                 0,                 0,                 0,     0.01590326027,      0.1179018603,      0.6715446549,                 0,       1.966186789,       0.703173574,      -2.743287089,      -1.284627834,      -1.161782434,      -2.154571368,      -1.321462908,      0.9047174205,      0.3469333351,      0.8814402951,                 0,                 0,                 0,      0.1149095863,     0.07406579669,      0.9443590369,                 0,       2.459698478,      0.7332422434,   0.0009783906611,    0.004067649506
        533,           9,      -8.032898407,      -3.856581984,      -3.745615124,      -1.942397496,      -2.353407378,      0.9329898399,      0.3091882474,      0.6040148731,                 0,                 0,                 0,     0.01588520641,      0.1190813334,      0.6680201908,                 0,       1.953550557,      0.8048270664,      -2.749633288,      -1.299011832,      -1.241183788,      -2.153379241,      -1.291197623,      0.9055489623,      0.3461713845,      0.8765258438,                 0,                 0,                 0,      0.1120928301,     0.07477398622,       0.939436551,                 0,       2.452862989,      0.7314872842,   0.0008315090985,    0.003639995368
        534,           9,      -7.982538524,      -3.887524943,      -3.767313612,      -1.938367687,      -2.325658037,      0.9329898399,      0.3092962778,      0.6032002022,                 0,                 0,                 0,     0.01708271506,        0.11942283,      0.6672727022,                 0,       1.950234276,      0.8301719935,      -2.699098916,      -1.326795284,       -1.26409401,      -2.150161614,       -1.26480712,      0.9063329874,      0.3452105133,      0.8706462204,                 0,                 0,                 0,      0.1090275761,     0.07557413599,      0.9335329076,                 0,       2.444418049,      0.7295214058,   0.0007347649496,    0.003450857346
        535,           9,      -7.962169913,      -3.922313186,      -3.716178639,      -1.942745783,       -2.31606863,      0.9329898399,      0.3090076446,      0.6050969745,                 0,                 0,                 0,     0.01912756598,      0.1185922462,      0.6690022063,                 0,        1.95819419,      0.8301719935,      -2.679575717,      -1.359748495,      -1.212982646,      -2.155914242,      -1.255676552,      0.9070734555,      0.3440834322,      0.8639379593,                 0,                 0,                 0,      0.1057701472,     0.07645760876,       0.926788239,                 0,       2.434525876,      0.7273858335,   0.0006862209239,    0.003493611342
        536,           9,      -8.059991017,       -3.97257594,      -3.758666077,       -1.96092194,      -2.318374344,      0.9329898399,      0.3087498464,      0.6104268924,                 0,                 0,                 0,     0.02239397663,      0.1167873954,      0.6740238593,                 0,       1.977092133,       0.853268951,      -2.778962523,      -1.408980382,      -1.254100182,      -2.175546441,      -1.257790762,      0.9077738983,      0.3428226166,      0.8565368619,                 0,                 0,                 0,       0.102373019,     0.07741575621,      0.9193419075,                 0,       2.423353269,       0.725141983,   0.0006835278333,    0.003759148529
        537,           9,      -8.091844405,      -4.025355697,      -3.854042314,      -1.984342406,      -2.321832702,      0.9329898399,      0.3076688954,      0.6169054127,                 0,                 0,                 0,     0.02549841654,      0.1138595407,      0.6799032596,                 0,       2.005095159,       0.853268951,      -2.812459169,      -1.460846732,      -1.347242436,      -2.200179197,      -1.260954118,      0.9084374757,      0.3414591273,      0.8485747287,                 0,                 0,                 0,     0.09888418282,     0.07843974736,      0.9113290359,                 0,       2.411070016,      0.7228671062,   0.0007239302358,     0.00423586201
        538,           9,      -8.044811411,      -4.049358704,      -3.837665976,      -2.012833656,      -2.331999394,      0.9329898399,      0.3072389729,      0.6249550306,                 0,                 0,                 0,     0.02857625142,      0.1110949233,      0.6874754503,                 0,       2.034100767,      0.8186702767,      -2.766869948,      -1.483762352,      -1.328082534,      -2.229635671,      -1.271077408,      0.9090670235,      0.3400217168,      0.8401770313,                 0,                 0,                 0,     0.09534689632,     0.07952039398,      0.9028780199,                 0,       2.397847794,      0.7206468216,   0.0008043136464,    0.004909781941
        539,           9,      -8.029452309,      -4.064367706,      -3.859944687,      -2.019668456,      -2.362544088,      0.9329898399,      0.3088223303,      0.6398991338,                 0,                 0,                 0,     0.03471532463,      0.1082398626,      0.7022294962,                 0,       2.072062384,      0.7925001403,      -2.752742962,      -1.497259101,      -1.346995169,      -2.237159897,      -1.302102544,      0.9096650939,      0.3385362175,      0.8314613643,                 0,                 0,                 0,     0.09179968287,      0.0806480184,      0.8941088681,                 0,        2.38385922,      0.7185672995,    0.000921277299,    0.005764869027
        540,           9,      -7.896865817,       -4.10044668,      -3.956461016,      -2.005339363,      -2.375220445,      0.9329898399,        0.31088363,      0.6572877649,                 0,                 0,                 0,     0.04144631611,      0.1051271496,      0.7194609925,                 0,       2.114256594,       0.741018128,      -2.621321311,      -1.531255564,      -1.439573127,      -2.223416783,      -1.314652394,      0.9102339902,      0.3370252077,      0.8225364906,                 0,                 0,                 0,      0.0882764622,     0.08181241304,      0.8851321924,                 0,       2.369276653,      0.7167072882,    0.001071170624,    0.006531345637
        541,           9,      -7.698136213,      -4.175031149,      -4.017971065,        -1.9723693,      -2.402845922,      0.9329898399,      0.3129083932,      0.6767707732,                 0,                 0,                 0,     0.04882522733,        0.10136716,      0.7386846695,                 0,       2.162839949,      0.7024266142,      -2.423604215,      -1.603616029,      -1.497663334,      -2.191040676,      -1.341946689,      0.9107757961,      0.3355079759,      0.8135019688,                 0,                 0,                 0,      0.0848068205,     0.08300291564,      0.8760488406,                 0,        2.35427069,      0.7151312172,    0.001195683835,    0.007175454888
        542,           9,      -8.110849648,      -4.128737222,      -4.133873336,      -2.043889524,      -2.419807133,      0.9329898399,       0.317620431,      0.7016644619,                 0,                 0,                 0,     0.05856272732,     0.09859509388,      0.7638682889,                 0,       2.209128864,       0.751957641,      -2.836960498,      -1.555421415,        -1.6113052,      -2.263099843,       -1.35855448,      0.9112924018,      0.3340007273,      0.8044482739,                 0,                 0,                 0,     0.08141640427,     0.08420857082,      0.8669500722,                 0,        2.33900853,      0.7138842553,    0.001293260783,    0.007699202124
        543,           9,      -7.938252425,      -4.131292734,      -4.132938624,      -2.041514067,       -2.46913566,      0.9329898399,      0.3218045544,      0.7269723883,                 0,                 0,                 0,     0.06832700591,     0.09519706941,      0.7892936985,                 0,       2.259049409,       0.727790867,      -2.664320005,      -1.556441631,      -1.607963604,      -2.260886572,      -1.407843469,      0.9117855254,      0.3325169187,      0.7954572057,                 0,                 0,                 0,     0.07812735835,     0.08541833155,      0.8579180473,                 0,       2.323652344,      0.7129898007,    0.001365446582,    0.008106863811
        544,           9,      -7.965430693,       -4.08834574,      -4.049999537,      -2.043129689,       -2.47797438,      0.9329898399,      0.3262734882,       0.753779626,                 0,                 0,                 0,      0.0787300468,      0.0916330543,      0.8162361772,                 0,       2.310269308,      0.7528487056,      -2.691099267,      -1.512188906,      -1.523142147,      -2.262511634,      -1.416345391,      0.9122567324,       0.331067675,      0.7866024811,                 0,                 0,                 0,     0.07495878231,     0.08662128378,      0.8490265143,                 0,       2.308357647,      0.7124508104,     0.00141428383,    0.008404373925
        545,           9,      -7.999540707,      -4.025477895,      -3.830297193,      -2.051455522,      -2.510362664,      0.9329898399,      0.3307617617,      0.7809200701,                 0,                 0,                 0,     0.08920153186,      0.0879901136,      0.8435029572,                 0,       2.360974456,      0.7238874961,      -2.724817912,      -1.448232546,      -1.302099621,      -2.270859774,      -1.448272819,      0.9127074521,      0.3296622292,      0.7779504012,                 0,                 0,                 0,     0.07192717175,     0.08780687265,      0.8403415765,                 0,       2.293271748,      0.7122535054,    0.001442120304,    0.008598755808
        546,           9,      -7.924458245,      -3.970612091,       -3.63546364,        -2.0476994,      -2.512481471,      0.9329898399,      0.3353916513,      0.8086108327,                 0,                 0,                 0,      0.1000311099,     0.08432170365,      0.8713374139,                 0,       2.410945024,      0.7409289925,      -2.649698666,      -1.392488545,       -1.10626714,      -2.267258022,      -1.450441713,      0.9131389923,      0.3283083183,      0.7695604769,                 0,                 0,                 0,     0.06904680239,      0.0889650977,      0.8319224068,                 0,       2.278532387,      0.7123716661,    0.001451429824,    0.008697638491
        547,           9,      -8.108457495,      -3.943284339,      -3.564666907,      -2.025285456,      -2.512525037,      0.9329898399,      0.3403151102,      0.8362056266,                 0,                 0,                 0,      0.1108943249,     0.08096209392,      0.8991659266,                 0,       2.457151039,      0.7495218473,      -2.834116884,      -1.364447759,      -1.034286614,      -2.245145554,       -1.45080747,      0.9135525516,      0.3270125076,      0.7614859648,                 0,                 0,                 0,     0.06633004232,     0.09008666664,       0.823821854,                 0,        2.26426661,      0.7127707168,    0.001444661965,     0.00870887639
        548,           9,      -8.020471682,      -3.902974445,      -3.455285346,      -1.984370423,      -2.517520684,      0.9329898399,      0.3451202832,      0.8629101405,                 0,                 0,                 0,      0.1210967102,     0.07774965938,      0.9261084769,                 0,       2.500317085,      0.7547955202,      -2.746771134,       -1.32346246,     -0.9237480244,      -2.204560922,      -1.456088493,       0.913949231,      0.3257804397,      0.7537742992,                 0,                 0,                 0,     0.06378759261,     0.09116310701,      0.8160869298,                 0,       2.250589892,       0.713411232,    0.001424127714,    0.008640273212
        549,           9,      -7.991259504,       -3.86791421,      -3.375771316,      -1.986069906,      -2.510930234,      0.9329898399,      0.3501628427,      0.8876251211,                 0,                 0,                 0,      0.1303702176,     0.07534592202,      0.9512178321,                 0,       2.534892378,      0.7593783731,      -2.718097853,      -1.287593809,     -0.8435060596,      -2.206465656,       -1.44927963,      0.9143300431,      0.3246170172,      0.7464674319,                 0,                 0,                 0,     0.06142866561,     0.09218684177,       0.808759186,                 0,       2.237605496,      0.7142520847,    0.001391920036,    0.008499393231
        550,           9,      -7.927204262,      -3.837731295,      -3.318845183,      -1.986687648,      -2.509691891,      0.9329898399,      0.3551160982,      0.9101669915,                 0,                 0,                 0,      0.1383925731,     0.07349213879,      0.9742229217,                 0,        2.56301248,      0.7573435778,      -2.654370695,      -1.256422041,     -0.7866965914,      -2.207156313,      -1.447498209,      0.9146959215,      0.3235265303,      0.7396020896,                 0,                 0,                 0,     0.05926110632,     0.09315123591,       0.801874999,                 0,       2.225404039,      0.7152529427,    0.001349867735,    0.008293440103
        551,           9,      -7.880866649,      -3.810882387,       -3.27182927,      -1.981895296,      -2.511299274,      0.9329898399,      0.3592910291,       0.928143339,                 0,                 0,                 0,      0.1439032856,     0.07222886967,      0.9926344199,                 0,       2.583263326,      0.7573435778,      -2.608190834,      -1.228395694,     -0.7404794941,      -2.202380782,       -1.44865902,      0.9150477276,      0.3225127415,        0.73320996,                 0,                 0,                 0,     0.05729146131,      0.0940506226,      0.7954657719,                 0,        2.21406322,      0.7163760514,    0.001299523448,    0.008029200881
        552,           9,      -7.850382958,      -3.788365502,       -3.23862578,      -1.969172624,      -2.500845999,      0.9329898399,      0.3621689783,      0.9398678452,                 0,                 0,                 0,       0.146064055,     0.07155315225,       1.004688052,                 0,       2.595108642,      0.7201657432,      -2.577750815,      -1.204624164,     -0.7084539241,       -2.18966592,      -1.438223713,       0.915386258,      0.3215789375,      0.7273178197,                 0,                 0,                 0,     0.05552500291,      0.0948803165,      0.7895580722,                 0,       2.203647684,      0.7175873341,    0.001242178984,    0.007713045421
        553,           9,      -7.835275429,       -3.77395679,       -3.23191258,      -1.951755331,      -2.536372284,      0.9329898399,      0.3636503097,      0.9450971892,                 0,                 0,                 0,      0.1448793009,     0.07144084435,       1.010121998,                 0,       2.598917597,      0.7577739227,      -2.562597961,       -1.18902774,     -0.7029978255,      -2.172233011,      -1.474174197,      0.9157122503,      0.3207279544,      0.7219476071,                 0,                 0,                 0,     0.05396571146,     0.09563661559,       0.784173709,                 0,       2.194209008,      0.7188569088,    0.001178896427,    0.007350959857
        554,           9,      -7.792078696,      -3.758581356,       -3.20897606,      -1.940884348,      -2.504331433,      0.9329898399,      0.3635548272,      0.9434126122,                 0,                 0,                 0,      0.1403678039,     0.07184205668,       1.008483112,                 0,        2.59496654,      0.7625846846,      -2.519316857,      -1.172576624,     -0.6813093601,      -2.161310395,      -1.442720842,      0.9160263883,      0.3199621732,       0.717116439,                 0,                 0,                 0,     0.05261621539,     0.09631679223,      0.7793297472,                 0,       2.185785815,      0.7201590191,    0.001110550176,    0.006948604217
        555,           9,      -7.741723376,       -3.75325678,      -3.197161203,      -1.937419073,      -2.483827876,      0.9329898399,      0.3616691599,      0.9344614335,                 0,                 0,                 0,      0.1324282637,     0.07265585537,      0.9993717419,                 0,       2.583746521,      0.7222880686,      -2.468853397,      -1.166306576,     -0.6709246018,      -2.157736212,      -1.422802573,      0.9163293071,      0.3192834876,      0.7128365747,                 0,                 0,                 0,     0.05147769615,     0.09691907315,      0.7750384642,                 0,       2.178404016,      0.7214718313,    0.001037874162,    0.006511382654
        556,           9,      -7.718008078,      -3.752813439,      -3.206944395,      -1.924328609,      -2.545619536,      0.9329898399,      0.3584179734,       0.917777139,                 0,                 0,                 0,      0.1217031394,      0.0744247459,      0.9824659168,                 0,       2.560633693,      0.7608795824,      -2.444991032,      -1.165071967,      -0.682452065,      -2.144467834,       -1.48482081,      0.9166215971,      0.3186932515,      0.7091153493,                 0,                 0,                 0,     0.05054977296,     0.09744260858,      0.7713072703,                 0,       2.172077179,      0.7227773232,    0.000961506683,    0.006044512764
        557,           9,       -7.71821899,      -3.757479161,      -3.222006599,       -1.91953416,      -2.466583823,      0.9329898399,      0.3535478841,       0.893625437,                 0,                 0,                 0,      0.1082696216,     0.07682873063,       0.957945653,                 0,       2.527593792,      0.7269199718,      -2.444964916,      -1.169023364,     -0.6986659685,      -2.139443852,      -1.405972378,      0.9169038082,      0.3181922116,      0.7059550963,                 0,                 0,                 0,     0.04983038424,     0.09788743032,      0.7681386154,                 0,       2.166807025,       0.724060895,   0.0008820295996,    0.005553086849
        558,           9,      -7.730766457,       -3.76936929,      -3.271982108,      -1.913330486,      -2.441872321,      0.9329898399,      0.3480477958,      0.8651647286,                 0,                 0,                 0,       0.094018547,     0.07989007583,       0.929120472,                 0,       2.485764137,      0.7155869035,      -2.457297435,      -1.180122304,     -0.7500365235,      -2.133070809,      -1.381556595,      0.9171764528,      0.3177804351,      0.7033530817,                 0,                 0,                 0,     0.04931568318,     0.09825440188,      0.7655299047,                 0,       2.162584026,      0.7253109475,   0.0008000004591,    0.005042121749
        559,           9,      -7.747176869,      -3.774159408,      -3.304894304,      -1.929352813,      -2.419987181,      0.9329898399,      0.3414442145,      0.8311296273,                 0,                 0,                 0,     0.07859646059,     0.08352594026,      0.8946418425,                 0,        2.43415935,      0.7478042978,      -2.473634138,      -1.183922301,     -0.7846305452,      -2.149069901,      -1.359833972,      0.9174400093,      0.3174572413,      0.7013014694,                 0,                 0,                 0,     0.04899996306,     0.09854516357,      0.7634734454,                 0,       2.159388069,      0.7265184781,   0.0007159775821,    0.004516596255
        560,           9,      -7.769446625,      -3.780986352,       -3.36028742,      -1.935521359,      -2.412944826,      0.9329898399,      0.3343742883,      0.7945384645,                 0,                 0,                 0,     0.06336806833,     0.08746315687,       0.857582493,                 0,       2.376194858,      0.7096032875,      -2.496045972,      -1.189662033,     -0.8423169276,      -2.155344714,      -1.353146098,      0.9176949245,      0.3172211478,      0.6997873434,                 0,                 0,                 0,     0.04887562801,     0.09876207378,      0.7619564524,                 0,       2.157189184,      0.7276765679,   0.0006305382577,    0.003981474621
        561,           9,      -7.873827209,      -3.781950916,      -3.462980783,      -1.935664781,      -2.387723945,      0.9329898399,      0.3278353712,      0.7581899548,                 0,                 0,                 0,     0.04976952091,     0.09183723508,      0.8209104461,                 0,       2.312715532,      0.6874997461,       -2.60082141,      -1.189715559,     -0.9474251008,      -2.155710777,      -1.328640912,      0.9179416167,      0.3170698359,       0.698792809,                 0,                 0,                 0,     0.04893321962,      0.0989081472,      0.7609611351,                 0,       2.155948308,      0.7287800238,   0.0005442905605,    0.003441715102
        562,           9,      -7.902330701,      -3.763630865,      -3.515416812,      -1.963256024,      -2.358163388,      0.9329898399,      0.3211051271,        0.72180897,                 0,                 0,                 0,     0.03730679738,     0.09603784112,      0.7841514043,                 0,       2.247889894,       0.669293505,      -2.629915297,      -1.170913539,      -1.002361091,      -2.183681704,      -1.300200864,      0.9181804774,      0.3170001418,      0.6982951842,                 0,                 0,                 0,     0.04916150331,      0.0989869898,      0.7604648775,                 0,         2.1556181,      0.7298250577,   0.0004578795701,    0.002902263547
        563,           9,      -7.827221205,      -3.728188105,      -3.436850039,      -1.990383755,      -2.474920715,      0.9329898399,      0.3148739701,      0.6876855683,                 0,                 0,                 0,     0.02652071719,      0.1000556732,       0.749697219,                 0,       2.184002596,      0.6542928535,      -2.555231505,      -1.135501723,     -0.9271400454,      -2.210978375,      -1.417950717,      0.9184118737,      0.3170080753,      0.6982672944,                 0,                 0,                 0,      0.0495476167,     0.09900273091,       0.760440526,                 0,       2.156143794,      0.7308088654,    0.000373574628,    0.002368031267
        564,           9,      -7.842181495,      -3.711787441,      -3.416516816,       -1.98183135,      -2.352602786,      0.9329898399,      0.3107299056,      0.6600223884,                 0,                 0,                 0,      0.0193905875,      0.1041806157,      0.7220311813,                 0,       2.124103205,      0.6764670117,      -2.570527484,      -1.119172066,     -0.9089650367,      -2.202412974,      -1.295972071,      0.9186361501,      0.3170888681,       0.698677873,                 0,                 0,                 0,     0.05007727539,     0.09895995183,      0.7608567858,                 0,       2.157464105,      0.7317292246,   0.0003050757784,     0.00192597231
        565,           9,      -7.734529158,      -3.676624331,      -3.361571751,      -1.957381537,      -2.312602042,      0.9329898399,       0.306161228,      0.6337262345,                 0,                 0,                 0,     0.01240085386,      0.1074998189,      0.6955482922,                 0,       2.069910154,      0.5947597843,      -2.462703868,      -1.084251901,     -0.8551419489,      -2.177746673,      -1.256748437,      0.9188536302,      0.3172370464,      0.6994920586,                 0,                 0,                 0,     0.05073502532,     0.09886361061,      0.7616787184,                 0,       2.159512187,      0.7325841704,   0.0002520250455,    0.001579404441
        566,           9,      -7.783986268,      -3.655156651,      -3.340192739,      -1.953890579,      -2.301819291,      0.9329898399,      0.3039334892,      0.6189960542,                 0,                 0,                 0,     0.01094118183,      0.1096761097,      0.6808104229,                 0,       2.036616813,      0.5846117574,      -2.511418796,      -1.063753679,     -0.8354975281,      -2.173952603,      -1.246442199,      0.9190646184,      0.3174465299,      0.7006719829,                 0,                 0,                 0,     0.05150453206,     0.09871896417,      0.7628683327,                 0,       2.162216652,      0.7333718207,   0.0002139497853,    0.001325274337
        567,           9,      -7.760963505,      -3.651009887,      -3.305350948,      -1.942619531,      -2.253901261,      0.9329898399,      0.3040309564,       0.609801347,                 0,                 0,                 0,     0.01103592149,      0.1124575902,      0.6720459774,                 0,        2.00572124,      0.5846117574,      -2.487540817,      -1.061178042,     -0.8020217117,      -2.162592128,      -1.199846105,      0.9192694011,      0.3177107489,      0.7021774287,                 0,                 0,                 0,     0.05236889171,     0.09853148832,      0.7643852478,                 0,       2.165502633,      0.7340901811,   0.0001902676972,    0.001159793608
        568,           9,       -7.74960549,      -3.652286622,      -3.283451627,       -1.93966838,      -2.362847031,      0.9329898399,      0.3039411376,      0.6035162956,                 0,                 0,                 0,     0.01078698251,      0.1142092673,      0.6660092923,                 0,       1.985635443,       0.621789592,      -2.475858402,       -1.06413499,     -0.7817917627,      -2.160072555,      -1.310109865,       0.919468248,       0.318022775,      0.7039665395,                 0,                 0,                 0,     0.05331095174,     0.09830679507,      0.7661874106,                 0,        2.16929292,      0.7347369085,   0.0001802926605,    0.001078503231
        569,           9,      -7.865989041,      -3.682236381,      -3.363531647,      -1.948802602,      -2.288825334,      0.9329898399,      0.3041032196,      0.6012105096,                 0,                 0,                 0,     0.01153634437,      0.1150384137,      0.6638516464,                 0,       1.976994884,        0.61697883,      -2.592889464,      -1.095420036,     -0.8644527247,      -2.170161707,      -1.235908568,      0.9196614136,      0.3183754632,      0.7059965647,                 0,                 0,                 0,     0.05431363152,     0.09805055045,      0.7682318495,                 0,       2.173509123,      0.7353092156,   0.0001832420998,    0.001076344527
        570,           9,      -7.816018619,      -3.664866758,      -3.215084355,      -1.967936793,       -2.21910812,      0.9329898399,      0.3051595587,      0.6028434337,                 0,                 0,                 0,     0.01309528447,       0.115571175,      0.6657220631,                 0,       1.975502377,      0.6526925931,      -2.544431339,      -1.078634359,     -0.7169069691,      -2.190678574,      -1.166369492,       0.919849138,       0.318761596,       0.708224603,                 0,                 0,                 0,     0.05536022364,     0.09776839571,      0.7704754274,                 0,       2.178072844,       0.735803958,   0.0001982460216,    0.001147735753
        571,           9,      -7.771618865,      -3.649709332,      -3.148166777,       -1.93876077,      -2.183617747,      0.9329898399,      0.3057528809,      0.6067562907,                 0,                 0,                 0,     0.01457545039,      0.1149945631,      0.6696374175,                 0,       1.984466308,      0.8048270664,      -2.502231616,      -1.063566734,     -0.6530149123,       -2.16299093,      -1.130443038,      0.9200316477,      0.3191740221,      0.7106083107,                 0,                 0,                 0,     0.05643466217,     0.09746587212,      0.7728755601,                 0,       2.182906806,      0.7362178288,   0.0002243574455,    0.001286653082
        572,           9,      -7.754301851,      -3.635412046,       -3.13610648,      -1.894525349,      -2.166441359,      0.9329898399,      0.3066461832,      0.6135067442,                 0,                 0,                 0,     0.01679859803,      0.1138751907,      0.6763540846,                 0,       2.000699105,      0.8301719935,      -2.487012305,       -1.04900821,     -0.6418293075,      -2.120100226,      -1.113053259,      0.9202091572,      0.3196057822,      0.7131065535,                 0,                 0,                 0,     0.05752175096,     0.09714835089,       0.775390876,                 0,       2.187935924,      0.7365476189,   0.0002605640472,    0.001486714878
        573,           9,      -7.727645269,      -3.622611148,      -3.103198518,      -1.883139881,      -2.160532273,      0.9329898399,      0.3133522113,      0.6355188894,                 0,                 0,                 0,     0.02765337515,      0.1138524689,      0.6993650566,                 0,       2.028129582,      0.8301719935,      -2.461025778,      -1.036163046,     -0.6084679178,      -2.109277822,       -1.10769612,      0.9203818691,      0.3200502183,      0.7156799828,                 0,                 0,                 0,     0.05860734816,     0.09682096932,      0.7779817992,                 0,       2.193088275,      0.7367906885,   0.0003042142972,    0.001741268837
        574,           9,      -7.788999654,      -3.677812263,      -3.319824308,      -1.850109999,      -2.142619114,      0.9329898399,      0.3045633802,      0.6257299816,                 0,                 0,                 0,      0.0185421362,      0.1083096676,       0.687434272,                 0,       2.054514831,       0.853268951,      -2.522219441,      -1.091642869,     -0.8281743227,      -2.076602659,      -1.089875126,      0.9205499754,      0.3205010646,      0.7182915275,                 0,                 0,                 0,     0.05967850703,     0.09648857394,      0.7806110465,                 0,       2.198295966,      0.7369455067,   0.0003412196478,     0.00196136545
        575,           9,      -7.880852083,      -3.725920723,      -3.382566991,      -1.923256272,      -2.112711103,      0.9329898399,      0.3167854039,      0.6662718394,                 0,                 0,                 0,      0.0392879196,      0.1081443549,      0.7297780174,                 0,        2.10322771,       0.863357877,      -2.614181291,      -1.140056131,     -0.8868899324,      -2.151002778,      -1.060034612,      0.9207136578,      0.3209525239,      0.7209068061,                 0,                 0,                 0,     0.06072358267,     0.09615567323,      0.7832440438,                 0,       2.203495875,      0.7370120135,   0.0003715477555,    0.002141474752
        576,           9,      -7.808969938,      -3.737380359,      -3.255226026,       -1.99765647,      -2.083579735,      0.9329898399,      0.3180806464,      0.6828220321,                 0,                 0,                 0,     0.04456414974,      0.1045441934,      0.7459837375,                 0,       2.146694682,      0.8270988146,        -2.5421927,      -1.152372062,     -0.7631056794,      -2.226042067,      -1.030760939,      0.9208730888,      0.3213993196,      0.7234944355,                 0,                 0,                 0,     0.06173229351,     0.09582639641,      0.7858492366,                 0,        2.20863025,      0.7369918096,   0.0003952789721,    0.002282245258
        577,           9,      -7.740486649,      -3.735623283,      -3.180184166,      -2.011102722,      -2.063434284,      0.9329898399,      0.3215629315,      0.7061413004,                 0,                 0,                 0,     0.05329780525,       0.101056425,      0.7693021864,                 0,       2.195966112,       0.773708067,      -2.474415787,      -1.151055163,     -0.6908421354,      -2.239751118,      -1.009452922,      0.9210284317,      0.3218367297,      0.7260262575,                 0,                 0,                 0,     0.06269575279,     0.09550446067,      0.7883983163,                 0,       2.213647184,      0.7368882151,   0.0004125980829,    0.002384882883
        578,           9,      -7.822510824,      -3.746201453,      -3.244418575,      -1.987572837,      -2.040587049,      0.9329898399,      0.3252819313,      0.7308587986,                 0,                 0,                 0,     0.06228582043,     0.09738622512,      0.7940269778,                 0,       2.246847206,      0.7905491549,      -2.558272352,      -1.161696528,     -0.7535398536,      -2.217058287,     -0.9862492922,       0.921179842,      0.3222606154,      0.7284775051,                 0,                 0,                 0,      0.0636064843,     0.09519314911,      0.7908663882,                 0,       2.218500963,      0.7367061677,   0.0004237840311,    0.002451096564
        579,           9,      -7.794175603,       -3.74778919,      -3.273585414,      -1.964120308,      -2.022153269,      0.9329898399,      0.3292942869,      0.7572688026,                 0,                 0,                 0,     0.07188009887,     0.09350172195,      0.8204560895,                 0,       2.299671852,      0.7669582925,      -2.530790666,      -1.163507116,      -0.780285814,      -2.193917758,     -0.9678182953,      0.9213274669,       0.322667433,      0.7308268908,                 0,                 0,                 0,     0.06445841071,     0.09489529684,      0.7932320589,                 0,       2.223152273,      0.7364519624,   0.0004291969831,     0.00248303261
        580,           9,      -7.892303227,      -3.786643995,      -3.449271014,      -1.940906735,      -2.019603162,      0.9329898399,      0.3339627766,      0.7861878306,                 0,                 0,                 0,      0.0827361863,     0.08951111529,      0.8494764277,                 0,       2.354118141,      0.7410947371,      -2.628932192,        -1.2029678,     -0.9544981836,       -2.17081408,     -0.9654074067,      0.9214714468,      0.3230542343,      0.7330566271,                 0,                 0,                 0,     0.06524681989,     0.09461328501,       0.795477456,                 0,        2.22756829,       0.736132937,   0.0004292638372,    0.002483202402
        581,           9,      -7.876406279,      -3.825730109,      -3.540299641,      -1.954236402,      -2.059616883,      0.9329898399,      0.3394638511,      0.8170964631,                 0,                 0,                 0,     0.09455819292,     0.08573500945,      0.8806428586,                 0,       2.407020543,      0.7631982786,      -2.613565708,      -1.242933282,      -1.043656923,      -2.185257772,      -1.005169184,      0.9216119151,      0.3234186557,      0.7351523859,                 0,                 0,                 0,     0.06596831276,     0.09434904237,      0.7975881867,                 0,       2.231722644,      0.7357571611,   0.0004244633646,    0.002454407517
        582,           9,      -7.897838119,      -3.817350923,      -3.352955913,      -2.040757242,      -2.093982378,      0.9329898399,      0.3455369094,      0.8492062055,                 0,                 0,                 0,      0.1068674965,     0.08215472389,      0.9131251483,                 0,       2.457642533,      0.7329733668,      -2.635267798,      -1.235437531,      -0.859063426,      -2.272559011,      -1.038652412,      0.9217489985,      0.3237588997,      0.7371032089,                 0,                 0,                 0,     0.06662073719,     0.09410405379,      0.7995532457,                 0,       2.235595284,      0.7353331192,   0.0004153117446,    0.002399665547
        583,           9,      -7.823999098,      -3.817569334,      -3.307834462,      -2.036296115,      -2.146296614,      0.9329898399,      0.3513972161,      0.8801310558,                 0,                 0,                 0,       0.118332166,     0.07871741187,      0.9444121176,                 0,       2.504661435,       0.753938419,      -2.561129262,      -1.235878811,     -0.8166373318,      -2.267712504,      -1.090192308,       0.921882818,      0.3240737098,      0.7389013758,                 0,                 0,                 0,      0.0672031118,     0.09387937511,      0.8013648828,                 0,       2.239172245,      0.7348694335,   0.0004023491487,    0.002322139298
        584,           9,      -7.837620677,      -3.805987017,      -3.279555563,      -2.056707183,      -2.186331013,      0.9329898399,        0.35621366,      0.9074992991,                 0,                 0,                 0,      0.1275701979,     0.07532170012,      0.9719926908,                 0,       2.547626329,      0.7938107663,      -2.574926151,      -1.224437246,     -0.7878491668,      -2.287914064,      -1.130147821,      0.9220134889,      0.3243623423,      0.7405422394,                 0,                 0,                 0,     0.06771554261,     0.09367565363,      0.8030184365,                 0,       2.242445345,        0.73437463,   0.0003861277736,    0.002225071194
        585,           9,      -7.849425184,      -3.805992394,      -3.302322378,      -2.025056321,      -2.246662341,      0.9329898399,      0.3600883217,      0.9303000323,                 0,                 0,                 0,      0.1345502536,     0.07236076821,      0.9949299818,                 0,       2.583532918,      0.7547955202,      -2.586974066,      -1.225206822,     -0.8103674889,      -2.256305596,      -1.191223667,      0.9221411209,      0.3246245335,       0.742024034,                 0,                 0,                 0,     0.06815913378,     0.09349315353,       0.804512141,                 0,       2.245411798,        0.73385695,   0.0003672009577,    0.002111722789
        586,           9,        -7.8582056,       -3.80599732,      -3.289155462,      -2.022148248,      -2.280861835,      0.9329898399,      0.3630290148,      0.9482177743,                 0,                 0,                 0,      0.1392571149,     0.06993432627,       1.012924579,                 0,       2.611961402,      0.7593783731,      -2.595961646,      -1.226653403,     -0.7972135849,      -2.253639334,      -1.226200003,      0.9222658188,      0.3248604642,      0.7433476575,                 0,                 0,                 0,     0.06853589247,     0.09333178507,      0.8058469079,                 0,        2.24807379,      0.7333242379,    0.000346114458,    0.001985322202
        587,           9,       -7.89875877,      -3.812473621,      -3.282577125,      -2.025171115,      -2.331883482,      0.9329898399,      0.3654371313,      0.9609443282,                 0,                 0,                 0,      0.1419389852,     0.06851633532,       1.025799108,                 0,       2.629574955,      0.7573435778,      -2.636661583,      -1.234991694,     -0.7906508367,      -2.256953937,      -1.277768106,      0.9223876827,      0.3250707198,       0.744516433,                 0,                 0,                 0,     0.06884862755,     0.09319113663,      0.8070260863,                 0,       2.250437998,      0.7327838592,   0.0003233990075,    0.001849017548
        588,           9,      -7.868915862,      -3.812641699,      -3.248058648,      -1.994251944,      -2.356849376,      0.9329898399,      0.3668974813,      0.9675690143,                 0,                 0,                 0,      0.1422620538,      0.0679760042,       1.032561292,                 0,       2.637164504,      0.7621543397,      -2.607057518,      -1.236836291,      -0.756245416,      -2.226430602,      -1.303353398,       0.922506808,      0.3252562476,      0.7455358497,                 0,                 0,                 0,     0.06910084322,     0.09307050914,      0.8080552024,                 0,        2.25251508,      0.7322426239,   0.0002995632207,    0.001705834461
        589,           9,      -7.940281766,      -3.811930395,      -3.264241768,      -2.025974105,      -2.395904745,      0.9329898399,      0.3671110787,      0.9674794233,                 0,                 0,                 0,      0.1399347657,     0.06820646221,       1.032538066,                 0,       2.635386071,      0.7621543397,      -2.678869767,      -1.237200688,      -0.773183129,      -2.258724759,      -1.343030631,      0.9226232862,       0.325418311,      0.7464132902,                 0,                 0,                 0,     0.06929662885,     0.09296895237,      0.8089416856,                 0,       2.254319147,      0.7317067373,   0.0002750877951,    0.001558639933
        590,           9,      -7.895635326,      -3.796935076,      -3.246640111,      -2.023221274,      -2.418015361,      0.9329898399,      0.3657017907,      0.9600831602,                 0,                 0,                 0,      0.1345511966,     0.06902121146,       1.025052948,                 0,       2.625317088,      0.7580018317,      -2.634742441,      -1.222743462,     -0.7573208936,      -2.256498788,      -1.365816807,      0.9227372043,      0.3255584424,      0.7471577465,                 0,                 0,                 0,     0.06944054691,     0.09288530272,      0.8096945833,                 0,       2.255867213,      0.7311817734,   0.0002504208035,     0.00141011195
        591,           9,      -7.841785898,      -3.777945404,      -3.228266005,      -2.010789282,      -2.442922765,      0.9329898399,      0.3628056913,      0.9457151498,                 0,                 0,                 0,      0.1263638548,      0.0704524575,       1.010466014,                 0,       2.606671209,      0.7580018317,      -2.581377102,      -1.204072755,      -0.740343377,      -2.244442063,      -1.391746527,       0.922848646,       0.325678395,      0.7477795308,                 0,                 0,                 0,     0.06953752058,     0.09281822188,      0.8103242693,                 0,       2.257178643,      0.7306726695,   0.0002259739271,    0.001262714497
        592,           9,      -7.899522805,      -3.779127216,      -3.270789023,      -1.992992138,      -2.457080871,      0.9329898399,      0.3588453893,      0.9251925546,                 0,                 0,                 0,      0.1160922151,     0.07266542812,      0.9896822783,                 0,        2.57824841,      0.7580018317,      -2.639578457,      -1.205738181,     -0.7841481378,      -2.226913656,      -1.406995129,      0.9229576911,      0.3257800942,      0.7482899831,                 0,                 0,                 0,     0.06959272232,     0.09276623552,      0.8108421512,                 0,       2.258274612,      0.7301837314,   0.0002021194554,    0.001118677417
        593,           9,      -7.887551224,      -3.781357964,      -3.286992385,        -1.9753279,      -2.520639085,      0.9329898399,      0.3532557743,      0.8987877087,                 0,                 0,                 0,      0.1033669477,     0.07504008245,      0.9627969534,                 0,       2.544297289,      0.7556059095,      -2.628051208,      -1.208846008,     -0.8005508948,      -2.209492823,      -1.471571189,      0.9230644161,      0.3258655885,      0.7487011817,                 0,                 0,                 0,     0.06961146491,     0.09272777125,      0.8112603785,                 0,       2.259177569,      0.7297186497,   0.0001791878695,   0.0009799805958
        594,           9,      -7.900209319,      -3.796696538,      -3.323204719,      -1.972009754,      -2.475142953,      0.9329898399,      0.3469451044,      0.8682872186,                 0,                 0,                 0,     0.08978303406,     0.07792263914,      0.9317841283,                 0,       2.502664564,      0.7603671189,      -2.641001491,      -1.225609444,     -0.8369917544,      -2.206304957,      -1.427438425,      0.9231688942,      0.3259370014,      0.7490256609,                 0,                 0,                 0,     0.06959909662,      0.0927011952,      0.8115915585,                 0,       2.259910738,      0.7292805246,   0.0001574659065,    0.000848342142
        595,           9,      -7.903856407,      -3.815301401,      -3.340181946,      -1.988729719,      -2.464355946,      0.9329898399,      0.3396055368,      0.8342429025,                 0,                 0,                 0,      0.0753397149,      0.0808573704,       0.897081505,                 0,       2.456505599,       0.745461462,      -2.644511649,      -1.245977517,     -0.8540254685,      -2.222835221,      -1.418062784,      0.9232711958,      0.3259964845,      0.7492761388,                 0,                 0,                 0,     0.06956090208,     0.09268484658,      0.8118484829,                 0,       2.260497634,      0.7288718964,   0.0001371951016,   0.0007252104786
        596,           9,      -7.848006889,      -3.842163932,      -3.376678739,      -1.999212873,      -2.407425685,      0.9329898399,      0.3331602164,       0.800271028,                 0,                 0,                 0,     0.06221910916,     0.08462609478,      0.8627096106,                 0,       2.402060596,      0.7415834062,      -2.587925895,      -1.274644441,      -0.891199871,      -2.232667245,      -1.361435308,       0.923371388,      0.3260461732,      0.7494652625,                 0,                 0,                 0,     0.06950201078,     0.09267706967,      0.8120438704,                 0,       2.260961631,      0.7284947828,   0.0001185709038,   0.0006117604957
        597,           9,      -7.933793007,      -3.898138092,      -3.499229609,      -2.009831281,      -2.380058898,      0.9329898399,       0.327124731,      0.7660869757,                 0,                 0,                 0,     0.05026748099,     0.08884878101,      0.8282546336,                 0,       2.341880338,      0.7312338332,      -2.672603647,       -1.33232858,      -1.014589315,      -2.242402111,      -1.334610031,      0.9234695354,      0.3260881444,      0.7496053725,                 0,                 0,                 0,     0.06942731481,     0.09267624275,      0.8121901295,                 0,       2.261325557,      0.7281507142,   0.0001017424662,   0.0005088939545
        598,           9,      -7.943504343,      -3.920683932,      -3.610943072,      -2.025602644,      -2.481698645,      0.9329898399,      0.3216477439,      0.7341220599,                 0,                 0,                 0,     0.04034060337,      0.0929567491,      0.7960851166,                 0,       2.282379012,       0.674195876,      -2.681401138,      -1.356546995,      -1.126932446,      -2.257563738,       -1.43709536,      0.9235657001,      0.3261243795,      0.7497082921,                 0,                 0,                 0,     0.06934139767,     0.09268080373,       0.812299146,                 0,       2.261611341,      0.7278407673,   8.681319063e-05,   0.0004172442349
        599,           9,      -8.000079764,      -3.916014077,      -3.630986353,       -2.05437749,      -2.403539383,      0.9329898399,      0.3164570513,      0.7037784402,                 0,                 0,                 0,      0.0316543936,     0.09686448091,      0.7655497571,                 0,       2.223930348,      0.6985060069,      -2.737493812,      -1.353583783,      -1.148648782,       -2.28596157,      -1.359325384,      0.9236599415,      0.3261567315,      0.7497851438,                 0,                 0,                 0,      0.0692484758,     0.09268927282,      0.8123820986,                 0,       2.261839702,      0.7275655951,   7.384205129e-05,   0.0003371853656
        600,           9,      -7.975942627,       -3.89958295,      -3.634357452,      -2.067743415,      -2.626876407,      0.9329898399,      0.3120028101,      0.6767715818,                 0,                 0,                 0,     0.02467177156,      0.1005009101,      0.7384206758,                 0,       2.169120149,      0.6985060069,      -2.713463985,       -1.33842887,      -1.152605679,      -2.299066923,      -1.582711197,      0.9237523168,       0.326186899,      0.7498461979,                 0,                 0,                 0,     0.06915235362,     0.09270027167,       0.812449305,                 0,       2.262029885,      0.7273254425,   6.284566217e-05,   0.0002688451354
        601,           9,      -7.907743889,      -3.866474349,      -3.592074487,      -2.066333671,      -2.490207748,      0.9329898399,      0.3086629475,      0.6546549307,                 0,                 0,                 0,     0.01987874388,      0.1037732666,      0.7162939359,                 0,       2.120937858,      0.7206801651,      -2.645767894,      -1.305851744,       -1.10992271,      -2.297407029,      -1.445765482,      0.9238428807,      0.3262164054,      0.7499007507,                 0,                 0,                 0,     0.06905639219,     0.09271253914,      0.8125101009,                 0,       2.262199445,      0.7271201609,   5.380104161e-05,   0.0002121219844
        602,           9,      -7.835693735,      -3.825296177,       -3.47167018,      -2.073700719,      -2.465934729,      0.9329898399,      0.3057939762,      0.6364385794,                 0,                 0,                 0,     0.01609663174,      0.1063556013,      0.6980347465,                 0,       2.081265914,      0.6576509056,      -2.573930178,      -1.264688692,     -0.9887602444,      -2.304279151,      -1.421157849,      0.9239316861,      0.3262465845,      0.7499570359,                 0,                 0,                 0,     0.06896349095,     0.09272494332,      0.8125727502,                 0,       2.262364079,      0.7269492376,   4.664902637e-05,   0.0001667052762
        603,           9,       -7.90809647,      -3.817506423,       -3.48330667,      -2.033994836,      -2.435447789,      0.9329898399,      0.3043244219,      0.6241479468,                 0,                 0,                 0,      0.0142460505,      0.1085436928,      0.6858514999,                 0,        2.05092954,      0.6959447633,      -2.645801794,      -1.256688322,     -0.9998195697,      -2.263747213,      -1.391048457,      0.9240187838,      0.3262785713,      0.7500221666,                 0,                 0,                 0,     0.06887608174,     0.09273649006,      0.8126443871,                 0,       2.262537515,      0.7268118331,   4.129827745e-05,   0.0001320984835
        604,           9,      -7.966384674,      -3.814148228,       -3.44002703,      -2.040141719,      -2.366335277,      0.9329898399,      0.3037084245,      0.6165240021,                 0,                 0,                 0,     0.01356549929,      0.1101836373,      0.6783805852,                 0,       2.029986501,       0.719248386,      -2.702573881,      -1.253231225,     -0.9550619322,      -2.268790294,      -1.322552851,      0.9241042224,       0.326313299,      0.7501021078,                 0,                 0,                 0,     0.06879613389,     0.09274632782,      0.8127309886,                 0,       2.262731439,      0.7267068129,   3.762976537e-05,   0.0001076446893
        605,           9,      -7.774443814,      -3.789416699,      -3.245638642,      -2.062236097,      -2.539962159,      0.9329898399,      0.3038857694,      0.6122841443,                 0,                 0,                 0,     0.01329835861,      0.1115928475,      0.6743778396,                 0,       2.014849677,      0.7564262205,      -2.508734163,      -1.228946423,     -0.7598269984,      -2.289837223,      -1.496533111,       0.924188049,      0.3263515007,      0.7502016762,                 0,                 0,                 0,     0.06872516879,     0.09275374931,      0.8128373754,                 0,       2.262955484,      0.7266327768,   3.550162024e-05,   9.255373925e-05
        606,           9,      -7.725205951,       -3.76690561,      -3.151011974,      -2.040574749,      -2.406712655,      0.9329898399,      0.3047637559,      0.6134042569,                 0,                 0,                 0,     0.01502372121,      0.1121049809,      0.6757057071,                 0,       2.012720493,       0.853268951,        -2.4586203,      -1.207053385,     -0.6645479722,      -2.267844541,      -1.362409867,      0.9242703087,      0.3263937154,      0.7503245658,                 0,                 0,                 0,     0.06866428264,     0.09275818999,      0.8129672378,                 0,       2.263217249,      0.7265881039,   3.475422246e-05,   8.593032958e-05
