"Time_Iter","Outer_Iter","Inner_Iter",    "rms[Rho]"    ,    "rms[RhoU]"   ,    "rms[RhoV]"   ,    "rms[RhoW]"   ,    "rms[RhoE]"   
          0,           0,           0,      -5.204927974,      -5.218571093,      -6.418470115,      -6.101420299,      -4.597761973
          0,           0,           1,       -4.90234602,      -4.679666873,      -4.933840997,      -4.765106688,      -4.275510962
          0,           0,           2,      -4.811531238,      -4.655027964,      -4.679990034,      -4.548212092,      -4.203678069
          0,           0,           3,      -4.725562551,      -4.593348467,      -4.586841761,      -4.375543129,      -4.111988451
          0,           0,           4,      -4.723851471,       -4.59064096,      -4.540606902,      -4.308956341,      -4.110831579
          0,           0,           5,      -4.722168552,      -4.638650856,       -4.50603023,      -4.302220573,      -4.111672555
          0,           0,           6,      -4.722216648,      -4.731440837,      -4.511578558,      -4.328076685,      -4.129690097
          0,           0,           7,      -4.701904211,      -4.735986875,      -4.541083627,      -4.366836247,       -4.10003892
          0,           0,           8,      -4.724768964,      -4.686276653,      -4.585794671,      -4.404376204,      -4.096879302
          0,           0,           9,      -4.769984728,      -4.729190005,      -4.636871511,       -4.44497113,      -4.151887301
          0,           0,          10,      -4.817381733,      -4.820821576,      -4.713499358,      -4.510269693,      -4.212487121
          0,           0,          11,      -4.886380009,      -4.936356906,      -4.806159458,      -4.593230439,      -4.281113036
          0,           0,          12,      -4.945275798,      -5.012376165,      -4.882974895,      -4.666237734,       -4.34615824
          0,           0,          13,      -5.001903755,      -5.049238126,      -4.967304558,      -4.747782314,      -4.393182423
          0,           0,          14,      -5.071995689,      -5.074768358,      -5.064911898,      -4.839142683,      -4.448236707
          0,           0,          15,      -5.131994814,      -5.122781003,      -5.153131717,      -4.923424915,      -4.516161628
          0,           0,          16,      -5.206090842,      -5.203398426,      -5.254644469,      -5.022197839,      -4.594578907
          0,           0,          17,      -5.306746321,      -5.313989372,      -5.358273534,      -5.128016929,      -4.690322411
          0,           0,          18,      -5.408404092,      -5.435252913,      -5.465212542,      -5.242918813,      -4.787523399
          0,           0,          19,      -5.481091846,      -5.526508235,      -5.553057655,      -5.345780242,      -4.870882728
          0,           0,          20,       -5.55728589,      -5.615625461,      -5.658861167,      -5.468656928,       -4.95087047
          0,           0,          21,      -5.662344058,      -5.710839033,      -5.777522559,      -5.597559859,      -5.049409545
          0,           0,          22,      -5.791123753,       -5.81647572,      -5.903066116,      -5.717774944,      -5.170095167
          0,           0,          23,       -5.89720773,      -5.900227165,      -6.002664258,      -5.807301412,      -5.282475526
          0,           0,          24,        -5.9966645,      -5.978007293,       -6.11481587,      -5.911377248,       -5.38478398
          0,           0,          25,      -6.092147072,      -6.050239532,      -6.232270771,      -6.034388198,      -5.475563436
          0,           0,          26,      -6.192263031,      -6.132485223,      -6.353734008,      -6.173147706,      -5.570494571
          0,           0,          27,      -6.283529016,      -6.214950816,      -6.450685315,      -6.288809411,      -5.668494642
          0,           0,          28,       -6.39177129,      -6.318547465,      -6.566301217,      -6.403514715,      -5.779786184
          0,           0,          29,      -6.514860352,      -6.434460428,      -6.689558992,      -6.508023139,      -5.899533957
          0,           0,          30,      -6.641013811,       -6.55517239,      -6.806803643,      -6.605318558,       -6.02076723
          0,           0,          31,       -6.74137102,      -6.655972818,      -6.891940913,      -6.685946677,      -6.128500732
          0,           0,          32,      -6.836303977,      -6.759813743,      -6.977033365,      -6.774664033,      -6.227386909
          0,           0,          33,      -6.931239357,      -6.858722654,      -7.053829652,      -6.861347929,      -6.319145507
          0,           0,          34,      -7.025178036,      -6.952158784,      -7.119667927,       -6.93517348,      -6.410111791
          0,           0,          35,      -7.117824419,      -7.043808565,      -7.177779862,      -6.995521726,      -6.501369965
          0,           0,          36,      -7.209957949,      -7.135440266,      -7.230161315,      -7.047296622,      -6.592678431
          0,           0,          37,       -7.30215326,      -7.228361918,      -7.279531351,      -7.094136842,      -6.682246579
          0,           0,          38,      -7.383329885,      -7.311793786,      -7.325979552,      -7.141070828,      -6.769875164
          0,           0,          39,      -7.460412626,      -7.399535316,      -7.381109187,      -7.194374933,      -6.849493346
          0,           0,          40,      -7.537144767,      -7.484675535,       -7.43524672,      -7.246247031,      -6.922342785
          0,           0,          41,      -7.606860002,       -7.55972464,      -7.481612513,      -7.292577083,      -6.996098971
          0,           0,          42,      -7.675540534,      -7.638955366,      -7.531343813,      -7.342076112,      -7.064271892
          0,           0,          43,       -7.74668615,       -7.71565849,      -7.577498127,       -7.38989942,      -7.130229794
          0,           0,          44,      -7.810425984,      -7.780972188,       -7.61905299,      -7.435086989,      -7.197326358
          0,           0,          45,      -7.876233937,      -7.850474998,      -7.667825467,       -7.48616546,      -7.262574616
          0,           0,          46,       -7.94548456,      -7.915866025,      -7.719220842,      -7.539040183,      -7.327568114
          0,           0,          47,      -8.012535292,       -7.97716944,       -7.77345537,      -7.593080256,      -7.392024625
          0,           0,          48,      -8.077692918,      -8.038604505,      -7.831665658,      -7.649466934,      -7.456017947
          0,           0,          49,      -8.145253871,      -8.102747712,      -7.894566115,      -7.708621277,      -7.521135673
          0,           0,          50,      -8.205196424,      -8.166918797,      -7.952661507,       -7.76708049,      -7.587678005
          0,           0,          51,       -8.27361982,      -8.240384179,      -8.022482068,      -7.836327085,      -7.656890744
          0,           0,          52,       -8.34721609,      -8.313056761,      -8.098548219,      -7.909819604,      -7.726869475
          0,           0,          53,      -8.423811859,      -8.387614697,      -8.174895149,       -7.98170136,      -7.799308724
          0,           0,          54,      -8.494359443,      -8.462613577,      -8.240339872,       -8.04582887,      -7.875129459
          0,           0,          55,      -8.571395004,      -8.542864939,       -8.31390893,       -8.11819828,       -7.95222278
          0,           0,          56,      -8.647679147,       -8.61633706,      -8.390405558,      -8.194482076,      -8.024801635
          0,           0,          57,      -8.722739085,      -8.683714783,       -8.46627388,      -8.269185862,      -8.095880025
          0,           0,          58,      -8.789403067,       -8.74774861,      -8.530972337,      -8.334425421,      -8.167917966
          0,           0,          59,      -8.859375057,      -8.815597382,      -8.603883221,      -8.407241477,      -8.238493465
          0,           0,          60,      -8.928220429,      -8.880086102,      -8.679067283,      -8.483719324,      -8.304425795
          0,           0,          61,      -8.996254239,      -8.942059856,      -8.754178049,      -8.559376744,      -8.368934143
          0,           0,          62,      -9.059490517,      -9.006014814,      -8.818263176,      -8.626149763,      -8.437679639
          0,           0,          63,      -9.128142489,      -9.075712197,      -8.890861413,      -8.700226299,      -8.506350968
          0,           0,          64,      -9.200589954,      -9.147410296,      -8.966366137,      -8.777761867,      -8.575101739
          0,           0,          65,      -9.275364753,      -9.221147506,      -9.044036184,      -8.856380348,      -8.645508072
          0,           0,          66,      -9.343027993,      -9.294956837,      -9.111093291,      -8.926918178,      -8.720048982
          0,           0,          67,      -9.415009395,      -9.372479102,      -9.189671169,      -9.006266734,      -8.792193475
          0,           0,          68,      -9.490670571,      -9.448779188,      -9.274625647,      -9.090029319,      -8.863655045
          0,           0,          69,      -9.566572662,      -9.526124613,      -9.360862038,      -9.174101057,      -8.935115819
          0,           0,          70,      -9.629627638,      -9.599151076,      -9.432559604,       -9.24629634,      -9.007106758
          0,           0,          71,      -9.696949105,      -9.675845121,      -9.512939713,      -9.325120846,      -9.075563531
          0,           0,          72,      -9.770072526,      -9.751846184,      -9.594745007,      -9.405703866,      -9.144422848
          0,           0,          73,      -9.845980234,      -9.828057634,      -9.672309087,      -9.482108871,      -9.215939241
          0,           0,          74,      -9.913076336,      -9.900818935,       -9.73636442,      -9.547476751,      -9.290791864
          0,           0,          75,      -9.987254358,       -9.97893835,      -9.805058817,      -9.616520523,      -9.365370924
          0,           0,          76,      -10.06772129,      -10.05594304,      -9.869999441,      -9.683459145,      -9.441586398
          0,           0,          77,      -10.13958296,      -10.12805305,       -9.92411283,      -9.742163556,      -9.518892643
          0,           0,          78,      -10.21660165,      -10.20219487,      -9.981409949,      -9.801926507,      -9.594928398
          0,           0,          79,      -10.29310662,      -10.26925099,      -10.03331342,      -9.855286118,      -9.667059377
          0,           0,          80,      -10.35411383,      -10.33012202,      -10.07797972,      -9.902074278,      -9.735026164
          0,           0,          81,      -10.41774073,        -10.392829,      -10.12427115,      -9.948525007,      -9.798000431
          0,           0,          82,      -10.47671199,      -10.44584547,      -10.16411253,      -9.988139008,      -9.852634458
          0,           0,          83,      -10.52000799,      -10.49504925,      -10.20015036,      -10.02482705,      -9.903921799
          0,           0,          84,      -10.57192579,      -10.55120411,      -10.24075851,      -10.06406093,      -9.954926509
          0,           0,          85,       -10.6214281,      -10.59772173,      -10.27863512,      -10.10085271,      -9.999259518
          0,           0,          86,      -10.65996487,      -10.64358749,      -10.31529347,      -10.13780974,      -10.04533387
          0,           0,          87,      -10.70925616,      -10.69597177,      -10.35932989,      -10.17955791,      -10.09325101
          0,           0,          88,      -10.75772584,      -10.73756671,      -10.40330416,      -10.22126238,      -10.13648273
          0,           0,          89,      -10.79599701,      -10.78031445,      -10.44527504,      -10.26294659,       -10.1820834
          0,           0,          90,      -10.84453236,      -10.82729351,      -10.49602161,      -10.31120674,       -10.2292351
          0,           0,          91,      -10.89193937,      -10.86379632,      -10.54903069,      -10.36168332,      -10.27135976
          0,           0,          92,      -10.92932848,      -10.90473319,      -10.59837913,       -10.4106712,      -10.31654859
          0,           0,          93,      -10.97392859,      -10.94517383,      -10.65678255,      -10.46667915,      -10.35925508
          0,           0,          94,       -11.0213577,      -10.98202105,      -10.71908389,       -10.5258456,      -10.40090291
          0,           0,          95,      -11.06100524,      -11.02772177,       -10.7755191,      -10.58196861,      -10.44877214
          0,           0,          96,      -11.10784463,      -11.07647427,      -10.84291595,       -10.6475153,      -10.49337852
          0,           0,          97,      -11.16096972,      -11.12593667,      -10.91760903,      -10.71936977,       -10.5395871
          0,           0,          98,       -11.2072212,      -11.18087421,      -10.98426982,      -10.78591958,       -10.5941386
          0,           0,          99,       -11.2612303,       -11.2411188,      -11.06369825,      -10.86324799,      -10.64581647
          0,           0,         100,      -11.32499807,      -11.30499465,       -11.1507827,       -10.9478754,      -10.70198905
          0,           0,         101,      -11.39388684,      -11.37409186,      -11.24213592,      -11.03738039,      -10.76443845
          0,           0,         102,      -11.45099579,      -11.44073519,      -11.31758672,      -11.11610639,      -10.83253571
          0,           0,         103,      -11.51653944,      -11.51199817,      -11.40412285,      -11.20544311,      -10.89730629
          0,           0,         104,      -11.59171728,       -11.5840839,      -11.49268175,      -11.30093524,      -10.96557693
          0,           0,         105,      -11.65314552,      -11.64686392,      -11.55481716,      -11.38462149,      -11.03539895
          0,           0,         106,      -11.71600293,      -11.70318672,       -11.5991798,       -11.4752504,      -11.09688511
          0,           0,         107,      -11.76315483,      -11.72940147,      -11.57299211,      -11.56426425,      -11.13948706
          0,           0,         108,      -11.77821119,      -11.72732119,      -11.47097228,      -11.63390935,      -11.16394235
          0,           0,         109,      -11.80524417,      -11.73130317,      -11.44840307,      -11.70639464,      -11.19305701
          0,           0,         110,      -11.80628073,      -11.73251141,       -11.4597512,      -11.77582582,      -11.19439015
          0,           0,         111,      -11.80747421,      -11.74403935,      -11.45195105,      -11.82952754,      -11.20275151
          0,           0,         112,      -11.80820523,      -11.75305456,      -11.46926588,      -11.87794016,      -11.20166249
          0,           0,         113,      -11.79659018,      -11.74331236,      -11.47828569,      -11.89704008,      -11.18777145
          0,           0,         114,      -11.78363932,      -11.73263707,      -11.46125866,      -11.86465056,      -11.17874474
          0,           0,         115,      -11.79460555,      -11.74246478,      -11.47389099,      -11.89580233,      -11.18874194
          0,           0,         116,      -11.80824381,      -11.75703291,      -11.47551561,      -11.92229994,      -11.20111921
          0,           0,         117,      -11.81012556,      -11.75954977,      -11.48211734,      -11.94640645,      -11.20197038
          0,           0,         118,      -11.80872457,      -11.75939389,       -11.4660858,      -11.94243319,      -11.20359134
          0,           0,         119,      -11.81979229,      -11.76932889,      -11.47816761,      -11.94782881,       -11.2132996
          0,           0,         120,      -11.80907963,      -11.75635084,      -11.48030556,      -11.99609547,      -11.20222216
          0,           0,         121,      -11.81775737,       -11.7638114,      -11.48715914,       -12.0404022,      -11.21003728
          0,           0,         122,      -11.82790396,      -11.77510337,      -11.47119762,      -12.07929333,      -11.22271213
          0,           0,         123,      -11.82981368,      -11.77545422,       -11.4840824,      -12.10918457,      -11.22326576
          0,           0,         124,       -11.8229088,      -11.76874443,      -11.49174005,      -12.19609658,      -11.21572365
          0,           0,         125,      -11.83342374,      -11.78135071,       -11.4745935,      -12.24765996,      -11.22839588
          0,           0,         126,      -11.84162831,      -11.78887717,      -11.48689008,      -12.31074121,      -11.23517537
          0,           0,         127,       -11.8282423,      -11.77321467,      -11.49361328,      -12.31283683,      -11.22112507
          0,           0,         128,      -11.81325908,      -11.75656189,       -11.4748571,      -12.15463697,      -11.20801915
          0,           0,         129,      -11.82280802,      -11.76690477,      -11.48733464,      -12.32094363,      -11.21690272
          0,           0,         130,      -11.83246755,      -11.77823193,       -11.4881291,      -12.42390242,      -11.22571902
          0,           0,         131,      -11.82877994,      -11.77475082,      -11.49358492,      -12.42705387,      -11.22162855
          0,           0,         132,      -11.82365995,      -11.76925614,      -11.47553691,      -12.26866791,      -11.21851082
          0,           0,         133,      -11.83124357,       -11.7786025,      -11.48775467,      -12.44907186,      -11.22505696
          0,           0,         134,      -11.83103627,      -11.77830596,      -11.49425547,      -12.51465968,      -11.22396858
          0,           0,         135,      -11.82700692,       -11.7745047,      -11.49285299,      -12.46688684,      -11.22008994
          0,           0,         136,      -11.82834064,      -11.77598009,        -11.475027,      -12.33150289,      -11.22343247
          0,           0,         137,       -11.8378555,       -11.7847958,      -11.48718663,      -12.31540143,       -11.2315562
          0,           0,         138,      -11.82703265,      -11.77307656,      -11.49380884,      -12.32492787,      -11.22006801
          0,           0,         139,      -11.82236174,      -11.77072927,      -11.47610345,      -12.44222008,       -11.2174792
          0,           0,         140,      -11.83893764,       -11.7873366,      -11.48786328,      -12.50197556,      -11.23255764
          0,           0,         141,       -11.8326867,      -11.77978129,       -11.4942823,      -12.48881271,      -11.22565459
          0,           0,         142,       -11.8337967,      -11.78163456,      -11.47617263,      -12.39022131,      -11.22884318
          0,           0,         143,      -11.81888518,       -11.7618483,      -11.48691676,      -12.19265637,      -11.21249675
          0,           0,         144,      -11.81427724,      -11.75828001,      -11.49407308,      -12.38572794,      -11.20774265
          0,           0,         145,      -11.83046062,      -11.77782418,       -11.4761717,      -12.46320941,      -11.22563767
          0,           0,         146,      -11.84056604,      -11.78854997,      -11.48796362,      -12.47862663,      -11.23427552
          0,           0,         147,      -11.81946761,      -11.76388691,      -11.49399861,      -12.29488819,      -11.21246726
          0,           0,         148,      -11.82619454,      -11.77453878,      -11.47624039,      -12.44561488,      -11.22143469
          0,           0,         149,      -11.84150786,      -11.79042496,      -11.48805937,      -12.55549701,      -11.23513649
          0,           0,         150,      -11.83363797,      -11.78119247,      -11.49439465,      -12.51302029,      -11.22668787
          0,           0,         151,      -11.83028523,      -11.77771179,      -11.47609626,      -12.34523307,      -11.22531571
          0,           0,         152,      -11.83846729,      -11.78504264,      -11.48765099,       -12.3139251,      -11.23217407
          0,           0,         153,      -11.80672435,      -11.74852402,      -11.49269984,      -12.13423718,      -11.19970621
          0,           0,         154,      -11.80734466,      -11.75203888,      -11.47554789,      -12.28568987,      -11.20282041
          0,           0,         155,      -11.83237231,      -11.77886612,      -11.48751763,      -12.39029111,      -11.22605443
          0,           0,         156,      -11.82702196,       -11.7729115,      -11.49399845,      -12.38722796,      -11.22002559
          0,           0,         157,      -11.81354315,      -11.75760928,      -11.47534667,      -12.18266466,      -11.20843917
          0,           0,         158,      -11.82128751,      -11.76788532,      -11.48765367,      -12.38504228,      -11.21530166
          0,           0,         159,      -11.83316046,      -11.78008687,       -11.4882858,      -12.48062327,       -11.2263021
          0,           0,         160,      -11.82917125,        -11.775945,      -11.49368734,      -12.44456412,        -11.222041
          0,           0,         161,      -11.82267093,      -11.76835724,       -11.4756089,      -12.26197635,       -11.2175388
          0,           0,         162,      -11.83014681,      -11.77778817,      -11.48780162,      -12.45678683,      -11.22397294
          0,           0,         163,      -11.83685402,      -11.78456854,      -11.48838033,      -12.52166894,      -11.22998049
          0,           0,         164,      -11.83179338,      -11.77912962,       -11.4936547,      -12.46202787,       -11.2246737
          0,           0,         165,      -11.82988383,      -11.77705036,      -11.47568846,      -12.32164214,      -11.22479002
          0,           0,         166,      -11.81296272,      -11.75470438,      -11.48623545,      -12.12434884,      -11.20642451
          0,           0,         167,      -11.80610551,      -11.74894925,      -11.49373352,      -12.31900453,      -11.19963511
          0,           0,         168,      -11.82655682,      -11.77285527,      -11.47593877,      -12.40253595,      -11.22168109
          0,           0,         169,      -11.83676645,      -11.78406588,       -11.4877552,      -12.40861436,      -11.23046274
          0,           0,         170,      -11.80823509,      -11.75005143,       -11.4935225,      -12.19399601,      -11.20118447
          0,           0,         171,      -11.81551032,      -11.76218725,      -11.47602807,      -12.37196135,      -11.21084575
          0,           0,         172,       -11.8366938,         -11.78473,      -11.48792895,      -12.50563461,      -11.23029782
          0,           0,         173,      -11.83065836,      -11.77745799,      -11.49431936,      -12.46378977,      -11.22367606
          0,           0,         174,      -11.82226949,      -11.76788306,      -11.47588317,      -12.26472418,      -11.21722122
          0,           0,         175,       -11.8296942,      -11.77729294,      -11.48794352,       -12.4632608,      -11.22353975
          0,           0,         176,      -11.83064394,      -11.77827524,      -11.49432436,      -12.51788537,      -11.22362301
          0,           0,         177,      -11.82662318,      -11.77456863,      -11.49283376,       -12.4519156,      -11.21975474
          0,           0,         178,      -11.82706209,      -11.77451742,      -11.47491408,      -12.30423563,      -11.22216427
          0,           0,         179,      -11.83686413,       -11.7834838,      -11.48703771,      -12.28673503,      -11.23058634
          0,           0,         180,      -11.82580143,       -11.7713705,      -11.49372997,      -12.29316097,      -11.21886707
          0,           0,         181,      -11.82957296,      -11.77730849,      -11.47574458,      -12.27892246,      -11.22460496
          0,           0,         182,      -11.82315031,       -11.7710688,      -11.48769963,      -12.42047581,      -11.21694782
          0,           0,         183,      -11.82717045,      -11.77399185,      -11.49400011,      -12.44735109,      -11.22006866
          0,           0,         184,      -11.82529224,      -11.77251072,      -11.49268186,      -12.42498847,      -11.21831157
          0,           0,         185,       -11.8302482,      -11.77817036,      -11.47498778,      -12.34172218,      -11.22542698
          0,           0,         186,      -11.81501637,      -11.75786103,      -11.48618124,      -12.15751717,      -11.20867723
          0,           0,         187,      -11.81086298,      -11.75486731,      -11.49377623,       -12.3587716,      -11.20427738
          0,           0,         188,      -11.82874407,      -11.77620199,      -11.47603943,      -12.44239701,      -11.22382154
          0,           0,         189,      -11.83925058,      -11.78725542,      -11.48789635,      -12.45977479,      -11.23292433
          0,           0,         190,      -11.81574634,      -11.75996124,      -11.49393064,      -12.26509645,       -11.2087123
          0,           0,         191,      -11.82318262,        -11.770979,      -11.47621282,      -12.42389918,      -11.21842427
          0,           0,         192,       -11.8400745,      -11.78874221,      -11.48802443,      -12.54193342,      -11.23368141
          0,           0,         193,       -11.8328285,      -11.78023005,      -11.49437437,      -12.49819765,      -11.22585434
          0,           0,         194,      -11.82902701,       -11.7762248,      -11.47606354,      -12.32963881,      -11.22404225
          0,           0,         195,      -11.83692164,        -11.782911,      -11.48756395,      -12.28981807,      -11.23061927
          0,           0,         196,       -11.8191579,      -11.76562404,      -11.49428882,      -12.46532689,      -11.21238375
          0,           0,         197,      -11.83315286,      -11.78170884,       -11.4762179,      -12.48565689,      -11.22825475
          0,           0,         198,      -11.84291752,      -11.79148147,      -11.48793996,      -12.51031409,      -11.23659708
          0,           0,         199,      -11.82814848,      -11.77430924,      -11.49419229,      -12.39073647,      -11.22119304
          0,           0,         200,      -11.80924765,      -11.75241961,      -11.47497141,      -12.14848966,      -11.20401592
          0,           0,         201,       -11.8188324,      -11.76334432,      -11.48750946,      -12.33995793,      -11.21307294
          0,           0,         202,      -11.83133715,      -11.77723191,      -11.48829228,      -12.45622946,      -11.22461965
          0,           0,         203,      -11.82862074,      -11.77519304,      -11.49373532,      -12.44648799,       -11.2215534
          0,           0,         204,      -11.82073737,      -11.76649948,      -11.47552773,      -12.24771354,      -11.21560336
          0,           0,         205,       -11.8282486,      -11.77574661,      -11.48781182,      -12.44947658,      -11.22211112
          0,           0,         206,      -11.83602364,      -11.78353336,      -11.48843316,      -12.53573727,      -11.22916169
          0,           0,         207,      -11.83134059,      -11.77853109,      -11.49379318,      -12.48839734,      -11.22420976
          0,           0,         208,      -11.82851051,       -11.7754955,      -11.47579572,      -12.32135508,      -11.22342172
          0,           0,         209,      -11.83546537,      -11.78396569,      -11.48790507,      -12.50040943,        -11.229217
          0,           0,         210,      -11.83297313,      -11.78103261,      -11.49430668,       -12.5343667,      -11.22594279
          0,           0,         211,      -11.82399236,      -11.77240677,      -11.49577318,      -12.45209159,      -11.21729315
          0,           0,         212,       -11.8276516,      -11.77663605,      -11.47456463,      -12.33968986,      -11.22310909
          0,           0,         213,      -11.81178006,      -11.75542793,      -11.48552787,      -12.14089471,      -11.20555825
          0,           0,         214,      -11.80923482,      -11.75292394,      -11.49345007,      -12.32282999,      -11.20283332
          0,           0,         215,      -11.82770035,      -11.77486567,      -11.47582045,      -12.40574045,      -11.22286537
          0,           0,         216,      -11.83830478,      -11.78620964,      -11.48772018,      -12.42834898,      -11.23202189
          0,           0,         217,      -11.81502091,      -11.75901716,      -11.49373097,      -12.24953944,      -11.20797976
          0,           0,         218,       -11.8217979,      -11.76972372,      -11.47611474,      -12.40540216,      -11.21707756
          0,           0,         219,      -11.84463255,      -11.79380995,      -11.47658084,      -12.50504416,      -11.23996146
          0,           0,         220,      -11.84665838,       -11.7941183,      -11.48966077,      -12.52335422,      -11.24007421
          0,           0,         221,      -11.82409267,      -11.76824732,      -11.49478145,      -12.33259599,      -11.21708658
          0,           0,         222,      -11.80784696,       -11.7484228,      -11.47480215,      -12.10426347,      -11.20264426
          0,           0,         223,      -11.81746169,      -11.76080079,      -11.47597607,      -12.27164064,      -11.21345812
          0,           0,         224,      -11.84199596,      -11.78683515,      -11.47788842,      -12.36375387,      -11.23711458
          0,           0,         225,      -11.84747159,      -11.79285262,      -11.47868085,      -12.35003581,      -11.24215037
          0,           0,         226,      -11.85141834,      -11.79696645,      -11.47910056,      -12.33766838,      -11.24610078
          0,           0,         227,      -11.83138861,       -11.7733579,      -11.47857819,      -12.16562384,      -11.22569717
          0,           0,         228,      -11.82696776,      -11.76979897,      -11.47917422,      -12.33823523,      -11.22191977
          0,           0,         229,      -11.84615978,       -11.7897154,      -11.47933852,      -12.42500783,      -11.24071024
          0,           0,         230,      -11.85175036,      -11.79553606,      -11.47947027,       -12.4181749,      -11.24628319
          0,           0,         231,      -11.85466795,      -11.79905748,      -11.47960868,      -12.41321756,      -11.24925754
          0,           0,         232,      -11.83992654,      -11.78163608,      -11.47927661,      -12.25191553,      -11.23430689
          0,           0,         233,      -11.83794921,      -11.78145544,      -11.47961671,      -12.43958422,      -11.23286067
          0,           0,         234,      -11.85162701,       -11.7958841,      -11.47966295,      -12.51918663,      -11.24623422
          0,           0,         235,      -11.85564416,      -11.80005181,      -11.47964576,      -12.48369595,      -11.25022738
          0,           0,         236,      -11.84658439,      -11.78908724,      -11.47954068,      -12.32605421,      -11.24107247
          0,           0,         237,      -11.82713956,      -11.76470291,       -11.4782611,      -12.12116412,      -11.22144654
          0,           0,         238,      -11.82488704,      -11.76484453,      -11.47922414,      -12.31567979,      -11.22016192
          0,           0,         239,      -11.84494739,      -11.78689765,      -11.47953175,      -12.43402824,      -11.23958277
          0,           0,         240,      -11.84862766,      -11.79182621,      -11.47958786,      -12.39798269,      -11.24313178
          0,           0,         241,       -11.8288489,      -11.76848205,      -11.47892029,       -12.1732533,      -11.22315944
          0,           0,         242,      -11.82946494,       -11.7715936,      -11.47939352,      -12.37093219,      -11.22446744
          0,           0,         243,      -11.84798909,      -11.79163611,      -11.47954684,      -12.47853117,      -11.24256134
          0,           0,         244,      -11.85293343,      -11.79691855,      -11.47964204,      -12.45121679,      -11.24746862
          0,           0,         245,      -11.83705332,      -11.77813634,      -11.47932889,      -12.24987327,      -11.23141602
          0,           0,         246,       -11.8385569,      -11.78169089,      -11.47964467,      -12.43810735,      -11.23346108
          0,           0,         247,      -11.85209436,      -11.79646844,      -11.47963222,      -12.51772922,      -11.24670211
          0,           0,         248,      -11.85579337,      -11.80027531,      -11.47964702,      -12.47458865,      -11.25036782
          0,           0,         249,       -11.8453607,      -11.78766848,      -11.47943676,      -12.31353286,      -11.23983502
          0,           0,         250,      -11.84923628,       -11.7909474,      -11.47929449,      -12.26263339,      -11.24383965
          0,           0,         251,      -11.83034866,       -11.7686573,       -11.4782096,      -12.11904715,      -11.22468508
          0,           0,         252,      -11.81943254,      -11.75986515,      -11.47907628,      -12.29282527,      -11.21470606
          0,           0,         253,      -11.84231442,       -11.7837682,      -11.47926258,      -12.37137229,      -11.23694859
          0,           0,         254,      -11.84697697,      -11.78946263,      -11.47932482,      -12.35510032,      -11.24150016
          0,           0,         255,      -11.85090822,      -11.79449316,      -11.47946969,       -12.3432596,      -11.24550863
          0,           0,         256,      -11.83149151,      -11.77183026,      -11.47888421,      -12.16873827,      -11.22576015
          0,           0,         257,      -11.82559436,      -11.76779673,      -11.47938715,      -12.36958711,      -11.22064491
          0,           0,         258,      -11.84591216,      -11.78906063,      -11.47950548,      -12.46601283,      -11.24049014
          0,           0,         259,      -11.85163581,      -11.79510459,      -11.47960013,      -12.43278059,      -11.24616095
          0,           0,         260,      -11.83571018,      -11.77621066,      -11.47934801,      -12.23190597,      -11.23009971
          0,           0,         261,      -11.83733623,      -11.78043972,      -11.47958622,      -12.42763999,      -11.23220716
          0,           0,         262,       -11.8516389,      -11.79605435,      -11.47957821,      -12.50181328,      -11.24621568
          0,           0,         263,      -11.85550788,       -11.7999692,      -11.47956164,      -12.45840545,      -11.25007798
          0,           0,         264,      -11.84422618,       -11.7862785,      -11.47937466,      -12.29075542,      -11.23869055
          0,           0,         265,      -11.84601347,       -11.7900808,      -11.47946869,      -12.44176966,      -11.24083265
          0,           0,         266,      -11.85534406,      -11.80031567,        -11.479449,      -12.48410511,      -11.24996308
          0,           0,         267,      -11.85785017,      -11.80286006,      -11.47938835,      -12.45027107,      -11.25246948
          0,           0,         268,      -11.85052859,      -11.79375805,      -11.47927273,      -12.33390915,      -11.24507351
          0,           0,         269,      -11.82639777,      -11.76444648,      -11.47821249,      -12.12450814,      -11.22067789
          0,           0,         270,      -11.82826605,      -11.76804379,      -11.47912964,      -12.31619041,      -11.22348167
          0,           0,         271,      -11.84678514,      -11.78880019,      -11.47952541,      -12.44376526,      -11.24142296
          0,           0,         272,      -11.85166639,      -11.79494053,      -11.47961246,      -12.43775294,      -11.24621402
          0,           0,         273,      -11.85463062,      -11.79885405,      -11.47970044,      -12.41950259,      -11.24925963
          0,           0,         274,      -11.83689684,      -11.77817087,      -11.47916833,      -12.21902071,       -11.2312344
          0,           0,         275,      -11.84002532,       -11.7800051,      -11.47850623,      -12.14398268,      -11.23458459
          0,           0,         276,      -11.83671875,       -11.7772632,      -11.47813679,      -12.12577219,      -11.23137787
          0,           0,         277,      -11.82822413,      -11.76799499,      -11.47675101,       -12.0571285,      -11.22273735
          0,           0,         278,      -11.80340613,      -11.74430135,      -11.47733061,      -12.15662637,      -11.19873395
          0,           0,         279,      -11.83461641,      -11.77494253,      -11.47739155,       -12.1937707,      -11.22912855
          0,           0,         280,      -11.83721431,      -11.77841861,      -11.47780108,      -12.19359255,      -11.23159555
          0,           0,         281,      -11.83546543,      -11.77954551,      -11.47817903,      -12.29047297,      -11.23008252
          0,           0,         282,      -11.84867372,      -11.79274773,      -11.47849406,      -12.31149522,      -11.24324934
          0,           0,         283,      -11.85329374,      -11.79692684,       -11.4786866,      -12.30008349,      -11.24800603
          0,           0,         284,       -11.8478236,      -11.78971093,       -11.4787416,      -12.24796321,      -11.24248055
          0,           0,         285,      -11.85123222,      -11.79300776,      -11.47870704,       -12.2432724,      -11.24592967
          0,           0,         286,      -11.85138775,       -11.7939805,      -11.47889892,      -12.27054058,       -11.2460878
          0,           0,         287,      -11.83107959,      -11.77071954,      -11.47833603,      -12.13753906,      -11.22531839
          0,           0,         288,      -11.82259223,      -11.76403468,      -11.47921437,      -12.32652065,      -11.21781972
          0,           0,         289,      -11.84382273,      -11.78651696,       -11.4794232,      -12.42212096,      -11.23847761
          0,           0,         290,      -11.84959748,      -11.79308471,      -11.47950894,      -12.41500789,      -11.24418351
          0,           0,         291,      -11.85304176,      -11.79712345,       -11.4796354,      -12.39493358,      -11.24766173
          0,           0,         292,      -11.85469072,      -11.79924114,      -11.47971145,      -12.40336999,      -11.24930465
          0,           0,         293,      -11.83702027,      -11.77812627,      -11.47910379,      -12.21597078,      -11.23133554
          0,           0,         294,      -11.83256946,       -11.7755474,      -11.47956585,      -12.41607786,      -11.22758274
          0,           0,         295,      -11.84915217,      -11.79289287,      -11.47962454,      -12.50401287,      -11.24374774
          0,           0,         296,      -11.85412466,      -11.79813711,      -11.47962725,      -12.47308953,      -11.24868925
          0,           0,         297,      -11.84206727,      -11.78384223,      -11.47948783,      -12.29105049,      -11.23650365
          0,           0,         298,      -11.84398585,      -11.78796421,       -11.4796156,      -12.45980556,      -11.23880821
          0,           0,         299,      -11.85457257,      -11.79945781,      -11.47958588,      -12.51449038,      -11.24917909
          0,           0,         300,      -11.85752159,      -11.80242552,       -11.4795384,      -12.47664799,      -11.25212276
          0,           0,         301,      -11.85002025,      -11.79307929,      -11.47941529,      -12.34372694,      -11.24454814
          0,           0,         302,      -11.85092315,      -11.79564231,       -11.4794962,      -12.46921746,      -11.24569506
          0,           0,         303,      -11.85761289,      -11.80292921,      -11.47949784,      -12.50231357,      -11.25224744
          0,           0,         304,      -11.85934021,      -11.80466594,       -11.4794817,      -12.48014753,      -11.25397321
          0,           0,         305,      -11.85435729,      -11.79848202,      -11.47943115,      -12.38907416,      -11.24893698
          0,           0,         306,      -11.83219999,      -11.77181001,       -11.4785983,      -12.18081626,      -11.22653291
          0,           0,         307,      -11.83584642,      -11.77655768,      -11.47932275,      -12.36109358,       -11.2309548
          0,           0,         308,      -11.85020678,      -11.79297916,      -11.47962573,      -12.48506445,      -11.24487405
          0,           0,         309,      -11.85452014,      -11.79830164,      -11.47970653,      -12.48180491,      -11.24911933
          0,           0,         310,      -11.84142253,      -11.78352231,      -11.47938103,      -12.28293599,      -11.23586276
          0,           0,         311,      -11.84350466,      -11.78722692,      -11.47969789,      -12.46452986,      -11.23836247
          0,           0,         312,      -11.85430457,      -11.79889562,       -11.4797801,      -12.56104432,      -11.24891695
          0,           0,         313,      -11.85750619,       -11.8023033,      -11.47981788,      -12.54299334,      -11.25209475
          0,           0,         314,      -11.84965856,      -11.79298921,      -11.47967771,      -12.37803015,      -11.24417605
          0,           0,         315,      -11.82076092,      -11.75778438,       -11.4894296,      -12.13886071,      -11.21376653
          0,           0,         316,      -11.81942608,      -11.76011158,      -11.47824526,      -12.31731228,      -11.21460775
          0,           0,         317,      -11.84302843,      -11.78657305,      -11.47799647,      -12.42252143,      -11.23807085
          0,           0,         318,      -11.84978235,      -11.79431946,      -11.47881156,      -12.40524061,      -11.24459473
          0,           0,         319,      -11.83183412,       -11.7728332,      -11.47855375,      -12.19462982,      -11.22627301
          0,           0,         320,      -11.83263618,      -11.77539338,      -11.47928935,      -12.38464546,      -11.22763209
          0,           0,         321,      -11.84915439,      -11.79320867,      -11.47954271,      -12.49278999,      -11.24372714
          0,           0,         322,      -11.85388376,      -11.79807786,       -11.4796748,      -12.47053011,      -11.24842411
          0,           0,         323,      -11.84109183,      -11.78296314,      -11.47948728,      -12.28650874,      -11.23551515
          0,           0,         324,      -11.83650703,      -11.77970462,      -11.49082599,      -12.47563529,      -11.22988888
          0,           0,         325,      -11.84449288,      -11.78963258,      -11.47870486,      -12.51142999,      -11.23911067
          0,           0,         326,      -11.85317982,      -11.79929341,      -11.47816867,      -12.47796787,      -11.24813484
          0,           0,         327,      -11.84728439,       -11.7912896,      -11.47879451,      -12.33546282,      -11.24200353
          0,           0,         328,      -11.85107181,       -11.7941269,       -11.4790467,      -12.29253744,      -11.24576308
          0,           0,         329,      -11.84992562,      -11.79307967,      -11.47923008,       -12.2931541,       -11.2446033
          0,           0,         330,      -11.83621274,      -11.77988062,      -11.47959887,      -12.45766469,      -11.23109535
          0,           0,         331,      -11.85016576,       -11.7938553,      -11.47959826,      -12.49100802,       -11.2447766
          0,           0,         332,      -11.85537546,      -11.79950748,      -11.47961604,      -12.49477603,      -11.25002973
          0,           0,         333,      -11.85138982,        -11.794684,      -11.47967399,      -12.40101271,      -11.24598064
          0,           0,         334,      -11.82803364,       -11.7674139,      -11.47881929,      -12.16900885,      -11.22237229
          0,           0,         335,      -11.83252973,      -11.77317733,      -11.47942946,      -12.36693822,      -11.22764459
          0,           0,         336,      -11.84871325,      -11.79148662,      -11.47968148,      -12.50558771,      -11.24335352
          0,           0,         337,      -11.85366969,      -11.79741767,      -11.47975918,      -12.48693086,      -11.24823042
          0,           0,         338,      -11.84115935,      -11.78280271,      -11.47947861,      -12.28313623,      -11.23560113
          0,           0,         339,      -11.84235109,      -11.78596337,      -11.47972995,      -12.47397169,      -11.23721091
          0,           0,         340,      -11.85384251,      -11.79839591,      -11.47979111,      -12.56508115,      -11.24844428
          0,           0,         341,      -11.85695823,      -11.80165766,      -11.47978858,      -12.53256774,      -11.25153975
          0,           0,         342,      -11.84818368,      -11.79133686,      -11.47965345,       -12.3514494,      -11.24267571
          0,           0,         343,      -11.85123578,      -11.79352386,      -11.47946293,      -12.29497013,      -11.24584591
          0,           0,         344,      -11.84020737,      -11.78378284,       -11.4797176,      -12.48630755,      -11.23510141
          0,           0,         345,      -11.85256166,      -11.79661028,      -11.47971869,      -12.54006484,      -11.24717525
          0,           0,         346,      -11.85698626,       -11.8014498,      -11.47972388,      -12.52861998,      -11.25161823
          0,           0,         347,      -11.85252501,      -11.79602603,      -11.47970378,      -12.41569846,      -11.24710708
          0,           0,         348,      -11.82879583,      -11.76702419,      -11.47872964,      -12.16444953,      -11.22314502
          0,           0,         349,      -11.83233244,      -11.77252184,      -11.47941298,      -12.36298493,      -11.22747207
          0,           0,         350,      -11.84868697,      -11.79111675,      -11.47967518,      -12.49612573,      -11.24333847
          0,           0,         351,      -11.85358997,      -11.79720872,      -11.47974378,      -12.47931643,      -11.24816078
          0,           0,         352,      -11.83882001,       -11.7805739,      -11.47939331,      -12.27133251,      -11.23321786
          0,           0,         353,      -11.84112564,      -11.78451323,      -11.47968469,      -12.45525604,      -11.23600486
          0,           0,         354,      -11.85324571,      -11.79770351,      -11.47976372,      -12.55485602,      -11.24784906
          0,           0,         355,      -11.85656571,      -11.80121272,      -11.47978734,      -12.52589332,      -11.25114223
          0,           0,         356,      -11.84767781,      -11.79058458,      -11.47964025,      -12.34893753,      -11.24217573
          0,           0,         357,      -11.84845701,      -11.79291636,      -11.47977652,      -12.51376022,      -11.24325924
          0,           0,         358,      -11.85655526,      -11.80167681,      -11.47975652,      -12.56849038,      -11.25118742
          0,           0,         359,      -11.85879512,      -11.80397543,      -11.47973755,      -12.53345761,      -11.25341813
          0,           0,         360,      -11.85262856,       -11.7965641,      -11.47962699,      -12.40032049,      -11.24718775
          0,           0,         361,      -11.82702321,      -11.76618953,      -11.47853367,      -12.14893428,      -11.22128816
          0,           0,         362,       -11.8305805,       -11.7706236,      -11.47930336,      -12.33924521,      -11.22576921
          0,           0,         363,      -11.84783099,      -11.79013212,      -11.47961256,       -12.4670582,      -11.24250286
          0,           0,         364,      -11.85265439,      -11.79613336,      -11.47967549,      -12.45928465,      -11.24722847
          0,           0,         365,      -11.83738732,      -11.77884375,      -11.47924331,      -12.25151146,      -11.23179154
          0,           0,         366,      -11.84273049,      -11.78311709,      -11.47875154,      -12.17835279,      -11.23728873
          0,           0,         367,      -11.82540709,      -11.76700345,      -11.47926635,      -12.36119834,      -11.22046673
          0,           0,         368,      -11.84541114,      -11.78779437,      -11.47932742,      -12.42748785,       -11.2400034
          0,           0,         369,      -11.85273592,       -11.7958996,      -11.47942946,      -12.44296948,      -11.24733571
          0,           0,         370,      -11.84528618,        -11.787265,      -11.47944978,      -12.32154734,      -11.23979329
          0,           0,         371,      -11.84917522,      -11.79094318,      -11.47939937,      -12.27480544,      -11.24379051
          0,           0,         372,      -11.83089742,      -11.76997792,      -11.47818205,       -12.1311618,      -11.22522974
          0,           0,         373,      -11.81998257,      -11.76055044,      -11.47907678,      -12.30202601,      -11.21527584
          0,           0,         374,      -11.84270663,      -11.78455135,      -11.47927734,      -12.38202461,      -11.23732549
          0,           0,         375,      -11.84788955,      -11.79069227,       -11.4793518,      -12.36662911,      -11.24242418
          0,           0,         376,      -11.85116343,      -11.79475972,      -11.47949541,        -12.354629,      -11.24576421
          0,           0,         377,      -11.83217816,      -11.77276022,       -11.4788693,       -12.1738468,      -11.22643857
          0,           0,         378,      -11.82712908,      -11.76943562,      -11.47943912,      -12.37879415,      -11.22215658
          0,           0,         379,      -11.84656699,      -11.78984937,      -11.47955598,      -12.47534133,      -11.24113572
          0,           0,         380,      -11.85220144,      -11.79593079,      -11.47961673,      -12.44655935,      -11.24672368
          0,           0,         381,      -11.83745043,      -11.77845513,      -11.47938244,      -12.25122298,      -11.23182639
          0,           0,         382,       -11.8386269,      -11.78206911,      -11.47961451,      -12.43736872,      -11.23350741
          0,           0,         383,      -11.85209921,      -11.79664426,      -11.47957416,      -12.50428096,      -11.24670333
          0,           0,         384,      -11.85592715,      -11.80046139,      -11.47955727,      -12.45726547,      -11.25051171
          0,           0,         385,      -11.84587561,      -11.78817081,      -11.47936183,      -12.30504935,      -11.24035221
          0,           0,         386,      -11.84698957,      -11.79125188,      -11.47949148,      -12.44888535,      -11.24179779
          0,           0,         387,       -11.8557849,      -11.80078726,      -11.47947275,      -12.49222263,      -11.25040545
          0,           0,         388,      -11.85838143,      -11.80343499,      -11.47944588,      -12.46496375,      -11.25299661
          0,           0,         389,      -11.85176038,      -11.79531886,       -11.4793606,      -12.35594557,      -11.24630975
          0,           0,         390,      -11.82602346,      -11.76499438,      -11.47827134,      -12.13849544,      -11.22029477
          0,           0,         391,       -11.8299283,      -11.77011353,      -11.47916574,      -12.31995782,      -11.22510479
          0,           0,         392,      -11.84731651,      -11.78969533,      -11.47954041,      -12.44585207,      -11.24198117
          0,           0,         393,       -11.8522522,      -11.79576728,      -11.47963098,      -12.44055668,       -11.2468172
          0,           0,         394,      -11.83608192,      -11.77747544,      -11.47922871,      -12.23575314,      -11.23045668
          0,           0,         395,      -11.83802452,      -11.78114654,      -11.47961746,      -12.42867266,      -11.23293609
          0,           0,         396,       -11.8517914,      -11.79605287,      -11.47972494,      -12.53467965,      -11.24638771
          0,           0,         397,      -11.85571075,      -11.80013536,      -11.47975242,      -12.50664959,      -11.25027799
          0,           0,         398,      -11.84442156,      -11.78687851,      -11.47958618,      -12.31979936,      -11.23888939
          0,           0,         399,      -11.84607593,      -11.79014642,      -11.47973511,      -12.49410516,      -11.24089498
          0,           0,         400,      -11.85562426,      -11.80051793,      -11.47973567,      -12.55589326,      -11.25023474
          0,           0,         401,      -11.85813376,       -11.8030827,      -11.47971233,      -12.51888016,      -11.25273752
          0,           0,         402,      -11.85103054,      -11.79452541,      -11.47959847,      -12.37796195,      -11.24556576
          0,           0,         403,      -11.85346218,       -11.7964389,      -11.47949992,      -12.33298201,      -11.24808105
          0,           0,         404,      -11.83124542,      -11.77097214,      -11.47835823,      -12.14502795,      -11.22551069
          0,           0,         405,      -11.82551742,      -11.76609826,      -11.47918633,      -12.31635655,       -11.2207441
          0,           0,         406,      -11.84513869,      -11.78715741,      -11.47942469,      -12.40891587,      -11.23981236
          0,           0,         407,       -11.8507943,      -11.79396023,      -11.47946746,      -12.41175261,      -11.24539732
          0,           0,         408,      -11.83397554,      -11.77460942,       -11.4790706,      -12.21857758,      -11.22835805
          0,           0,         409,      -11.83625118,      -11.77909597,      -11.47950933,       -12.4086684,      -11.23115917
          0,           0,         410,      -11.85122361,      -11.79528332,      -11.47963449,      -12.51275429,      -11.24581621
          0,           0,         411,      -11.85533113,      -11.79970106,      -11.47970438,      -12.49170281,       -11.2499001
          0,           0,         412,      -11.84362809,      -11.78586717,      -11.47952022,      -12.30378232,        -11.238074
          0,           0,         413,      -11.84519429,      -11.78922497,      -11.47969832,      -12.47960172,      -11.24002744
          0,           0,         414,      -11.85513378,       -11.8000688,       -11.4797097,      -12.54626183,      -11.24975357
          0,           0,         415,      -11.85787221,      -11.80285277,      -11.47969122,      -12.51050548,      -11.25247863
          0,           0,         416,      -11.85041548,      -11.79377734,      -11.47955631,      -12.37003177,      -11.24494778
          0,           0,         417,      -11.85144903,      -11.79619453,      -11.47963597,      -12.49694386,      -11.24621907
          0,           0,         418,       -11.8578078,      -11.80308949,       -11.4796241,      -12.53296665,      -11.25244571
          0,           0,         419,      -11.85964528,      -11.80497748,      -11.47960465,      -12.50743691,      -11.25428163
          0,           0,         420,      -11.85510394,      -11.79930422,      -11.47954221,      -12.40912291,      -11.24968601
          0,           0,         421,       -11.8320706,      -11.77236985,      -11.47869503,      -12.18369487,      -11.22638534
          0,           0,         422,      -11.83634628,      -11.77729935,      -11.47935743,      -12.36276079,      -11.23143738
          0,           0,         423,      -11.85054996,      -11.79357772,      -11.47964992,      -12.48561491,      -11.24521664
          0,           0,         424,      -11.85494312,      -11.79892352,      -11.47971665,      -12.48748057,      -11.24953999
          0,           0,         425,      -11.84364224,       -11.7859241,      -11.47943447,      -12.29805362,      -11.23811562
          0,           0,         426,      -11.84491928,      -11.78879826,      -11.47971299,      -12.47742539,      -11.23976331
          0,           0,         427,      -11.85484522,      -11.79956629,      -11.47978593,      -12.56754656,      -11.24945766
          0,           0,         428,      -11.85780492,       -11.8026694,      -11.47983174,      -12.54653856,      -11.25240238
          0,           0,         429,      -11.85015352,      -11.79369897,      -11.47970619,       -12.3857537,      -11.24467605
          0,           0,         430,      -11.82803126,      -11.76607988,      -11.47844028,      -12.14078826,      -11.22236824
          0,           0,         431,      -11.82825462,      -11.76822101,      -11.47925806,      -12.32636124,      -11.22349005
          0,           0,         432,      -11.84685816,      -11.78886797,      -11.47950567,      -12.43738799,      -11.24151263
          0,           0,         433,      -11.85136181,       -11.7945669,      -11.47953864,      -12.41700026,      -11.24592372
          0,           0,         434,      -11.85022341,       -11.7951444,      -11.47953534,      -12.49833378,      -11.24491872
          0,           0,         435,      -11.85661109,      -11.80171494,      -11.47952635,      -12.49964266,      -11.25123637
          0,           0,         436,      -11.85874349,       -11.8037033,      -11.47955959,       -12.4751484,      -11.25341599
          0,           0,         437,      -11.85636981,      -11.80049365,      -11.47954275,      -12.41828386,      -11.25102834
          0,           0,         438,      -11.84198863,      -11.78312926,      -11.47902226,      -12.25659399,      -11.23647536
          0,           0,         439,      -11.84443446,      -11.78688259,      -11.47948409,      -12.42667575,      -11.23941797
          0,           0,         440,      -11.85432092,      -11.79827783,      -11.47968689,      -12.53362114,      -11.24899309
          0,           0,         441,      -11.85739308,      -11.80206781,      -11.47975695,      -12.52724892,      -11.25201737
          0,           0,         442,      -11.84994559,       -11.7932446,      -11.47961968,      -12.37078471,      -11.24448534
          0,           0,         443,      -11.85219889,      -11.79505097,      -11.47946503,      -12.31222306,      -11.24681077
          0,           0,         444,      -11.85121611,      -11.79414901,       -11.4793379,      -12.30454855,      -11.24587936
          0,           0,         445,      -11.85005595,      -11.79368425,       -11.4792369,      -12.29950198,      -11.24469384
          0,           0,         446,      -11.84952033,       -11.7936159,      -11.47914669,      -12.28806467,      -11.24418836
          0,           0,         447,      -11.84872249,       -11.7933997,      -11.47903687,      -12.27786114,      -11.24338121
          0,           0,         448,      -11.83315918,      -11.77542267,      -11.47792874,      -12.12888298,      -11.22743569
          0,           0,         449,      -11.82185567,      -11.76483295,       -11.4784409,      -12.26237832,      -11.21692397
          0,           0,         450,      -11.84365673,      -11.78671958,      -11.47855983,      -12.32426622,       -11.2381911
          0,           0,         451,      -11.84940861,      -11.79253355,      -11.47884259,      -12.33234595,       -11.2439211
          0,           0,         452,      -11.83016497,      -11.76975203,      -11.47868971,      -12.17469511,      -11.22450497
          0,           0,         453,      -11.83208577,      -11.77453103,      -11.47922842,      -12.35864661,       -11.2270304
          0,           0,         454,      -11.84914265,       -11.7930434,      -11.47938039,      -12.44718541,      -11.24372925
          0,           0,         455,       -11.8537333,      -11.79788189,      -11.47946407,      -12.42429693,      -11.24828767
          0,           0,         456,      -11.84172618,      -11.78325258,      -11.47933587,      -12.26436804,       -11.2361624
          0,           0,         457,      -11.84308635,      -11.78693511,      -11.47949749,      -12.43054972,      -11.23792038
          0,           0,         458,       -11.8539936,       -11.7988221,      -11.47948444,      -12.48451676,      -11.24860591
          0,           0,         459,      -11.85687865,      -11.80174027,      -11.47944661,      -12.44908736,      -11.25148624
          0,           0,         460,      -11.84885238,      -11.79181969,      -11.47932816,      -12.32093794,       -11.2433698
          0,           0,         461,      -11.85189049,      -11.79427638,      -11.47924065,      -12.28488051,       -11.2465186
          0,           0,         462,      -11.83124865,      -11.77021165,      -11.47820804,       -12.1325537,      -11.22550946
          0,           0,         463,      -11.82326788,      -11.76401035,      -11.47913018,      -12.31039013,      -11.21850437
          0,           0,         464,      -11.84414947,      -11.78623212,      -11.47939824,      -12.40515201,      -11.23880913
          0,           0,         465,      -11.84960483,      -11.79253898,      -11.47949391,      -12.39855329,       -11.2441634
          0,           0,         466,      -11.85333532,      -11.79733873,      -11.47962424,       -12.3898625,      -11.24795067
          0,           0,         467,      -11.83439668,      -11.77524383,      -11.47911805,       -12.1939608,      -11.22871358
          0,           0,         468,      -11.83029061,      -11.77276326,      -11.47954009,      -12.39948208,      -11.22530231
          0,           0,         469,       -11.8480986,      -11.79160799,      -11.47961726,      -12.50037039,      -11.24268238
          0,           0,         470,      -11.85346232,      -11.79728632,      -11.47970111,      -12.47477367,      -11.24800657
          0,           0,         471,      -11.85591393,      -11.80032821,      -11.47973844,      -12.44843961,      -11.25052376
          0,           0,         472,      -11.84270885,      -11.78473128,      -11.47948245,      -12.27767189,       -11.2371312
          0,           0,         473,      -11.84104848,      -11.78469913,      -11.47966711,      -12.46272832,      -11.23595506
          0,           0,         474,       -11.8530586,       -11.7974998,      -11.47967759,      -12.53241522,      -11.24766867
          0,           0,         475,      -11.85659515,      -11.80124475,      -11.47965772,      -12.49621277,      -11.25118529
          0,           0,         476,      -11.84808663,        -11.791119,      -11.47952364,      -12.34423145,      -11.24258597
          0,           0,         477,      -11.85141847,      -11.79370724,      -11.47938247,      -12.29062462,      -11.24602252
          0,           0,         478,       -11.8503154,      -11.79286549,      -11.47932215,      -12.29141288,      -11.24495411
          0,           0,         479,      -11.84884843,      -11.79218587,      -11.47933795,      -12.29807659,       -11.2434867
          0,           0,         480,      -11.84837012,      -11.79225464,      -11.47936583,      -12.29672508,      -11.24299772
          0,           0,         481,      -11.83294901,      -11.77445678,      -11.47832045,      -12.13665747,      -11.22723566
          0,           0,         482,      -11.81968917,      -11.76253769,      -11.47883849,      -12.28539372,      -11.21479497
          0,           0,         483,      -11.84291675,      -11.78564593,      -11.47886778,      -12.35225268,       -11.2374476
          0,           0,         484,      -11.84830948,      -11.79117231,      -11.47907866,      -12.35232106,      -11.24280954
          0,           0,         485,       -11.8278406,      -11.76710915,      -11.47885602,      -12.17325955,      -11.22216134
          0,           0,         486,      -11.83023862,      -11.77249869,      -11.47934592,      -12.36945798,      -11.22518285
          0,           0,         487,       -11.8482064,      -11.79189799,      -11.47947424,       -12.4644197,       -11.2427827
          0,           0,         488,      -11.85328631,      -11.79728301,      -11.47953984,      -12.43162537,      -11.24782646
          0,           0,         489,      -11.85577123,      -11.80016594,      -11.47958956,      -12.40867064,      -11.25037245
          0,           0,         490,      -11.84181966,      -11.78328359,      -11.47924458,       -12.2547271,      -11.23620648
          0,           0,         491,      -11.83968434,      -11.78311571,      -11.47951864,      -12.43246699,      -11.23460938
          0,           0,         492,      -11.85239187,       -11.7967316,      -11.47952312,      -12.49567583,      -11.24700312
          0,           0,         493,      -11.85612763,       -11.8008533,      -11.47950983,      -12.46438855,      -11.25072091
          0,           0,         494,      -11.84805509,      -11.79078197,      -11.47940753,      -12.32469375,      -11.24256739
          0,           0,         495,      -11.84888673,      -11.79340005,      -11.47950346,      -12.45960684,      -11.24367288
          0,           0,         496,      -11.85664667,      -11.80185974,      -11.47947664,      -12.49673589,      -11.25127469
          0,           0,         497,      -11.85875401,      -11.80398734,       -11.4794508,      -12.46928297,       -11.2533811
          0,           0,         498,      -11.85299035,        -11.796888,      -11.47935876,      -12.36499297,        -11.247548
          0,           0,         499,      -11.82724392,      -11.76595915,      -11.47837273,      -12.14326511,      -11.22151645
          0,           0,         500,      -11.83105792,      -11.77114468,       -11.4791938,      -12.32844374,      -11.22626093
          0,           0,         501,       -11.8480299,      -11.79041504,      -11.47955818,      -12.45664587,      -11.24269675
          0,           0,         502,        -11.852771,      -11.79625271,       -11.4796398,      -12.45696057,       -11.2473469
          0,           0,         503,      -11.83918267,      -11.78041208,      -11.47930711,      -12.25593864,      -11.23361354
          0,           0,         504,      -11.84008336,      -11.78337296,      -11.47965747,      -12.44680645,      -11.23497016
          0,           0,         505,      -11.85271276,      -11.79703964,      -11.47975087,      -12.54816586,      -11.24731586
          0,           0,         506,      -11.85644423,      -11.80098232,      -11.47979196,      -12.52374499,      -11.25101925
          0,           0,         507,      -11.84666888,      -11.78942159,       -11.4796167,      -12.34229343,      -11.24115039
          0,           0,         508,      -11.84789543,      -11.79220178,       -11.4797692,      -12.50923444,      -11.24270935
          0,           0,         509,      -11.85629586,      -11.80132493,       -11.4797751,      -12.57312008,      -11.25092076
          0,           0,         510,      -11.85874113,      -11.80383592,       -11.4797736,      -12.54006051,      -11.25335568
          0,           0,         511,      -11.85280665,       -11.7966292,       -11.4796777,      -12.40260772,      -11.24736678
          0,           0,         512,      -11.85446829,      -11.79754309,      -11.47954134,      -12.35406205,      -11.24909288
          0,           0,         513,       -11.8321567,      -11.77233003,      -11.47852657,      -12.15740211,      -11.22641833
          0,           0,         514,      -11.82759503,      -11.76841741,      -11.47926092,      -12.33143576,      -11.22282232
          0,           0,         515,      -11.84602838,      -11.78826205,      -11.47945957,      -12.42684141,      -11.24070028
          0,           0,         516,      -11.85165676,      -11.79496871,      -11.47949027,      -12.42620442,      -11.24625796
          0,           0,         517,      -11.83722426,      -11.77828049,      -11.47919691,      -12.24122952,      -11.23164895
          0,           0,         518,      -11.83862817,      -11.78165359,      -11.47954944,      -12.42652926,      -11.23350859
          0,           0,         519,       -11.8522213,      -11.79645386,      -11.47965789,      -12.52299462,      -11.24681202
          0,           0,         520,      -11.85602448,      -11.80044733,      -11.47973664,      -12.50237448,      -11.25060145
          0,           0,         521,      -11.84568755,      -11.78811396,      -11.47957952,      -12.33134459,      -11.24017722
          0,           0,         522,      -11.84726921,      -11.79149177,      -11.47973482,      -12.49688733,       -11.2420681
          0,           0,         523,       -11.8560954,      -11.80110504,      -11.47971118,      -12.55305932,      -11.25072511
          0,           0,         524,      -11.85844546,      -11.80349556,      -11.47969454,      -12.51601892,      -11.25306479
          0,           0,         525,      -11.85215176,      -11.79568109,      -11.47958787,      -12.38672102,      -11.24669919
          0,           0,         526,      -11.85428429,      -11.79741703,      -11.47949358,      -12.34214713,      -11.24891522
          0,           0,         527,      -11.83066963,      -11.77041416,      -11.47840665,      -12.14881447,      -11.22491984
          0,           0,         528,      -11.82629899,      -11.76698456,      -11.47921458,      -12.32058744,      -11.22153429
          0,           0,         529,       -11.8454686,      -11.78752008,      -11.47943633,      -12.41535912,      -11.24014388
          0,           0,         530,       -11.8513344,      -11.79446862,      -11.47951615,      -12.41655928,      -11.24591838
          0,           0,         531,      -11.83614837,      -11.77723388,      -11.47913151,      -12.23076414,       -11.2305782
          0,           0,         532,      -11.84166698,      -11.78148698,      -11.47872806,      -12.16361042,       -11.2362675
          0,           0,         533,      -11.82323823,      -11.76486474,      -11.47922888,      -12.35815326,      -11.21828169
          0,           0,         534,      -11.84468219,        -11.786889,      -11.47929423,      -12.42419579,      -11.23924298
          0,           0,         535,      -11.85211699,      -11.79513817,      -11.47943965,      -12.43434974,       -11.2467019
          0,           0,         536,      -11.84371642,      -11.78534542,      -11.47947451,      -12.30773614,      -11.23820343
          0,           0,         537,      -11.84523059,      -11.78933977,      -11.47960399,      -12.46204213,      -11.24001293
          0,           0,         538,      -11.85508232,      -11.80004737,      -11.47957571,      -12.50618273,      -11.24971132
          0,           0,         539,      -11.85786297,      -11.80285425,      -11.47953853,      -12.47190976,      -11.25249334
          0,           0,         540,       -11.8513364,      -11.79490633,      -11.47944434,      -12.35798403,      -11.24588991
          0,           0,         541,      -11.82698412,      -11.76521487,      -11.47848374,      -12.14017218,      -11.22128922
          0,           0,         542,      -11.82974885,      -11.76978949,      -11.47926481,      -12.33492516,      -11.22494935
          0,           0,         543,      -11.84739594,      -11.78979325,      -11.47961312,      -12.46658425,      -11.24206391
          0,           0,         544,      -11.85198347,      -11.79554092,      -11.47970169,      -12.45493925,      -11.24655193
          0,           0,         545,      -11.83560635,      -11.77671203,      -11.47922894,      -12.23684715,      -11.22998882
          0,           0,         546,      -11.83778027,       -11.7807002,      -11.47964653,      -12.43145367,      -11.23269273
          0,           0,         547,      -11.85158708,      -11.79578965,      -11.47972954,      -12.54031712,      -11.24617765
          0,           0,         548,      -11.85576547,      -11.80009365,       -11.4797808,      -12.50995873,      -11.25033163
          0,           0,         549,      -11.84507124,      -11.78730952,      -11.47956313,       -12.3188034,      -11.23953825
          0,           0,         550,      -11.84895546,      -11.79081193,      -11.47934869,      -12.26060912,      -11.24356563
          0,           0,         551,      -11.84713945,      -11.78919151,      -11.47921425,      -12.25133873,      -11.24182594
          0,           0,         552,      -11.83040349,       -11.7732036,      -11.47949155,       -12.4147898,      -11.22535783
          0,           0,         553,      -11.84743523,      -11.79027808,      -11.47942267,      -12.44960839,      -11.24205692
          0,           0,         554,       -11.8536251,      -11.79712688,      -11.47948316,      -12.45704143,      -11.24827838
          0,           0,         555,      -11.84913535,      -11.79158961,      -11.47955979,      -12.36130264,      -11.24371467
          0,           0,         556,      -11.85239546,       -11.7949839,      -11.47955166,      -12.32439066,      -11.24704014
          0,           0,         557,      -11.85224229,      -11.79542852,       -11.4795318,      -12.33576655,      -11.24692437
          0,           0,         558,      -11.85130058,      -11.79502526,      -11.47957289,      -12.34732437,      -11.24595876
          0,           0,         559,       -11.8333379,      -11.77446731,      -11.47874537,      -12.16597232,       -11.2275743
          0,           0,         560,       -11.8233769,      -11.76556039,      -11.47929188,      -12.33522045,      -11.21852828
          0,           0,         561,      -11.84445517,       -11.7873142,      -11.47933997,      -12.41659081,      -11.23906511
          0,           0,         562,      -11.85033161,      -11.79369479,      -11.47946124,       -12.4112804,      -11.24489107
          0,           0,         563,      -11.83405063,      -11.77453942,      -11.47914314,      -12.22972104,      -11.22843212
          0,           0,         564,      -11.83607178,      -11.77912995,       -11.4795767,      -12.42099874,       -11.2309418
          0,           0,         565,       -11.8509591,      -11.79509586,      -11.47966107,      -12.51356686,      -11.24554409
          0,           0,         566,      -11.85518685,      -11.79949817,      -11.47966751,      -12.47725657,      -11.24975271
          0,           0,         567,       -11.8437918,      -11.78569455,      -11.47948925,      -12.29919007,      -11.23824363
          0,           0,         568,      -11.84500062,      -11.78903849,      -11.47961321,      -12.46427741,       -11.2398262
          0,           0,         569,      -11.85493401,      -11.79982432,      -11.47959792,      -12.51387718,      -11.24954558
          0,           0,         570,      -11.85776404,      -11.80273708,      -11.47953337,      -12.47365044,      -11.25237283
